diningid,store_id,name,breif,addr,tel,time,lng,lat,code,changetime
f_1,C3_395000000A_000001,王品台塑牛排館-南門店,"王品為了烹調出這道獨具台灣口味的牛排，以特殊台灣口味佐料醃浸兩天兩夜，將完全入味的帶骨牛小排，慢火燒烤一個半小時，再以高溫瓷盤盛裝，以保持牛排的香嫩風味，使全熟的牛排雖不帶血絲，卻異常鮮嫩，咬勁十足。 
王品歷經數千小時的嚴格選材、精心研發之後，發現一頭牛只有最精華的第六至第八對肋骨，得以使『王品台塑牛排』的精髓脫穎而出，是全國唯一能在250℃烤箱烘烤一個半小時，還能保持100% 鮮嫩度的牛排。而且完全符合骨長17公分、重16盎斯的最佳規格。因此，一頭牛只能供應6客王品台塑牛排。",臺南市中西區南門路121號,886-6-2137966,週一~週日11：30~14：30、17：30 ~22：00,120.204513,22.987005,01,2012/09/26 12:00:00
f_2,C3_395000000A_000002,榮盛點心,據郭家人說，阿公的手藝是從親戚那裡學來的，不管當初從何而起，現在榮盛米糕已經變成家傳手藝了。郭老得先生有著傳統台灣人的性格，非常講究原料和製作過程，例如醬油一定要用最好的，香菇選用台灣貨，糯米也挑選上好的糯米為主。由於糯米不容易煮爛，所以蒸煮糯米前要先浸泡二個小時，且蒸的時間和火候也要特別注意，否則會失去糯米的香Q原味，米糕的配料都是採用自製的肉燥、魚鬆、蔥、蒜等，吃起來口感香Q不油膩。位於原沙卡里巴地點，戰後國民政府才規劃成康樂市場，讓小吃攤設定點經營，見證了歷史變遷，口味傳統，是老台南人的最愛。,臺南市中西區康樂市場內106號,886-6-2283564,週一~週日10：00~19：00,120.196063,22.992443,03,2012/09/26 12:00:00
f_3,C3_395000000A_000003,進福炒鱔魚專家,進福炒鱔魚專家創立於1972年，四十年來以對鱔魚料理堅持，讓大家能品嚐鱔魚的鮮美，因為料理限味已經成為台南代表小吃之一，許多老饕都會聞名而來。在府城，鱔魚意悅是傳統小吃，所以販賣的攤位不少，然而要論口味，許多人都會想起炒鱔魚已有四十年的進福炒鱔魚專家，因為老闆手藝受裡家三代經營油湯生意影響有關，且在他不斷的鑽研、同時聽取客人的意見，而做出符合大眾口味的鱔魚意麵。而進福有三寶，第一是炒鱔魚、第二是麻油腰只、第三是北海道活鱠魚，這三種招牌菜，讓吃過的客人稱讚不已，連國外的饕客也慕名說來呢。,臺南市中西區府前路一段46號,886-6-2210671,週一~週日11：00~02：00,120.209837,22.989064,07,2012/09/26 12:00:00
f_4,C3_395000000A_000004,許家芋粿,『好芋才會有芋香』這是老闆娘一直所堅持的，所以製作芋粿的第一步驟就是芋頭品質的挑選，然後將芋頭絲加蕃薯粉，米漿並調味拌勻放入蒸籠內蒸，等蒸好時再舖上炒好的肉燥，這就成了獨特風味的芋粿了。蝦仁肉圓的特色在於皮是用上等的在來米及蕃薯粉，先將米泡軟再磨成漿糊狀再加蕃粉拌勻，增加Ｑ性；內餡是選用新鮮的蝦仁及炒過的肉燥細製成又香又Ｑ的蝦仁肉圓。,臺南市中西區國華街三段8號,886-6-2288897,週一~週日09：00~22：30,120.197495,22.993211,07,2012/09/26 12:00:00
f_5,C3_395000000A_000005,阿龍意麵,"「阿龍意麵」創始人林玉悌、林吳金玉夫婦四十多年前住在鹽水，與一位製作意麵的福州師傅蔡市拜師學功夫，在鹽水、善化一帶深受好評。二十餘年前搬到台南，也深得台南人喜愛。目前負責人為第二代林漢龍；由於從小在父親耳濡目染下，承接父業，並且青出於藍，研發各種蔬菜口味意麵，有紅色蘿蔔麵，及綠色波菜麵，與牛蒡麵，層出不窮的研發口味，都深受歡迎。 
特色在於，不外銷的自製意麵，講究品質，保持一定的新鮮。湯頭是以瘦肉湯為底，口味清淡易入口，味精適量，故夜宵時間，客人反而多於白天。滷菜也是自製，香甜不油膩感。",臺南市中西區府前路一段62號,886-6-2286280,週一~週日12：00~24：00,120.209527,22.989053,07,2012/09/26 12:00:00
f_6,C3_395000000A_000006,矮仔成蝦仁飯,"矮仔成名稱的由來，源自葉老先生單名成，其個頭不高，且當時客人取自葉成的諧音喚他為矮仔成，這個綽號成為今日眾所皆知的矮仔成蝦仁飯。 
矮仔成蝦仁飯源起於1922年，第一代的老闆葉成當時在日治時代的「明月樓」日本料理餐廳學藝，後來自行由日式料理的小攤販做起，根據日本口味研究出獨門美味的蝦仁飯在當時的西門市場設攤，經多次遷移在俗稱新町的中正路、海安路等路邊崛起。",臺南市中西區海安路一段66號,886-6-2201897,週一~週日07：00~19：30,120.195191,22.988991,03,2012/09/26 12:00:00
f_7,C3_395000000A_000007,江水號餐飲店,八寶冰，所有材料都煮得軟硬適中，尤其湯圓Ｑ到讓人驚訝，其他還有紅豆圓仔湯、米糕粥、花生湯，不論冷熱都有其獨特的滋味。來江水號吃過冰品，就會知道，為什麼到現在他們還堅持用手工做料，雖然無法大量生產，也無法創造大財富，但他們所得到的讚譽，使江水號代代甘之如飴。,臺南市中西區國華街三段16巷13號,886-6-2258494,週一~週日11：00~21：00,120.197695,22.993344,05,2012/09/26 12:00:00
f_8,C3_395000000A_000008,楊哥楊嫂肉粽,"創業四十年(1970年)的楊哥楊嫂，可說是台南市唯一家將肉粽店進行複合式經營的傳統店家；不只維持了本身菜棕、肉粽的風味，還開發了紫米肉粽、五穀肉粽、綠豆肉粽等新口味，還有特製粽的迷你版的小肉粽，外型小巧可愛、料又實在，一顆十元，常是店裡供不應求的長銷粽品。
楊哥楊嫂肉粽注重口感，負責粽子製程的第二代老闆楊佑忠先生說，他用生瘦肉醃製，這樣的肉質有較佳的彈性外，肉質也不會太硬，而肥肉則是前一日先和香菇炒熟，這樣的肉粽便會有二種不同的口感，香氣四溢。",臺南市中西區慶中街41號,886-6-2141742,週一~週日07：00~21：00,120.205434,22.984261,07,2012/09/26 12:00:00
f_9,C3_395000000A_000009,洪芋頭擔仔麵．蝦卷,這家店創立於清光緒21年，台南百年老店「度小月擔仔麵」的創辨人洪芋頭公本來於台南、安平之間渡船維生，每當颱風季節，生意清淡之小月，洪公便賣擔仔麵維生以度過此淡季，此為度小月店名之由來。目前該店歷經三代傳承，近120年歷史。,臺南市中西區西門路二段273號,886-6-2253505,週一~週日10：00~22：00,120.199418,22.995978,06,2012/09/26 12:00:00
f_10,C3_395000000A_000010,府城黃家蝦捲,"現在的掌廚是黃大維先生，傳承自其父黃金水先生。蝦捲這道點心是明鄭時期，隨鄭成功來台的福州兵帶來的，當時，叫「肉捲」，以豬腹膜包著高麗菜、聰鴨蛋、碎肉而成，日治時代受日人大量開發漁港的影響，蝦的取得容易，以蝦取代豬肉改良為蝦捲。
黃金水先生在五十幾年前，26歲時向當年70歲的老師傅吳把祀拜師學藝有成後，接手販賣，只賣兩種小吃─蝦捲和蝦餃。當時是在府城著名的小吃集中地─民族路石精臼營業，因民族路夜市拆除，被迫遷至成功路俗稱鴨母寮市場的光復市場，現在再遷移至現址。黃大維先生在其父經營五十年後，民國八十八年正式接手掌廚迄今。",臺南市中西區西和路268號,886-6-3506209,週一~週日14：30~20：00,120.192537,23.002757,07,2012/09/26 12:00:00
f_11,C3_395000000A_000011,上海華都點心城,全省第一家，松針小籠湯包，以小炒為主，鳳梨蝦球、宮保雞丁、蒜泥白肉、鐵板豆腐、麻婆豆腐、糖醋里肌。 ,臺南市中西區民權路二段28號,886-6-2216268,週一~週日10：00~21：30,120.206185,22.994081,03,2012/09/26 12:00:00
f_12,C3_395000000A_000012,三皇三家餐飲事業有限公司-皇綠新館,在台南西門路成立第一家綠茶專賣店，因創立於3月3日，為了紀念，故更名為「3皇3家」。堅持選用新鮮天然的食材，提供讓顧客吃的安心又健康的美味食物，及乾淨明亮、舒適的用餐環境。3皇3家，是你生活飲食的好朋友。,臺南市中西區府前路二段378號,886-6-2994283,週一~週日08：30~23：00,120.187392,22.992699,01,2012/09/26 12:00:00
f_13,C3_395000000A_000013,饗食天堂-台南店,食物之美味，說也說不盡，素材種類、烹調技法、產地、季節、火侯，乃至於料理人的心情，組合出千變萬化的滋味，每一種都能牽引觸動心懷的溫柔記憶。而饗賓飲食集團想要與賓客分享的，正是料理的萬種風情，以及萬變不離其宗的美味秘訣：鮮。饗食天堂採開放式廚房現場料理，讓新鮮不只是吃在口裡，更是盡收眼底。此外，饗食天堂每個月固定換菜比例高達30％，以推陳出新、豐富口味，回應消費者意見，減少一般自助餐飲重熱鍋菜的比例，改以現點現炒的中菜、烤排、鐵板、點心等當場製作之料理，搭配十數種生鮮，豐富味蕾的饗宴。,臺南市中西區中山路166號12樓,886-6-6027088,週一~週日11：30~14：00、14：20~16：20、17：30~21：30,120.210148,22.995640,01,2012/09/26 12:00:00
f_14,C3_395000000A_000014,廚子貓,廚子貓，顧名思義，店裡的擺設擺滿了貓的飾品。餐點有火鍋、義大利麵、焗烤供顧客選擇，另外也可選擇單點或套餐，套餐提供前菜蔬果沙拉、濃湯則為奶油味香又濃的玉米濃湯，飲料則可依自己的愛好做選擇，最後當然少不了美味的甜點。,臺南市東區府連東路29號,886-6-2086396,週一~週日11：30~21：00/週二公休,120.217576,22.984490,01,2012/09/26 12:00:00
f_15,C3_395000000A_000015,奶濃意大利麵廚房-東光店,"奶濃意大利麵廚房提供簡套餐、雙人餐、奶濃甜品、湯品文化等，另外，奶濃也推出自有品牌的甜點""經典手匠.奶濃蛋布丁""，最近，也推出""輕鬆在家料理系列""，讓喜歡品嚐奶濃的朋友們，在家中只要幾個輕鬆的步驟，就可以品嚐到。",臺南市東區東光路一段17號,886-6-2756122,週一~週日11：30~21：00,120.230671,22.990084,01,2012/09/26 12:00:00
f_16,C3_395000000A_000016,綠屋,"台南的外國朋友十之八九會知道綠屋這間美式餐館，這可是專門為外國朋友量「口味」訂作的，就義大利麵說起，這裡的麵除分為四種：普通細麵、寬麵、捲麵及空心麵條，再分茄汁和白醬，也就是濃濃的奶油和起士調製，焗烤幾種作法。 
由於綠屋主要是以外國朋友為顧客群，所以店內有一擺放外文書籍的書櫃，有些是外國朋友離開台灣時送的，有些則是店家定時採購回來的，外國朋友可以在這借書。當然這裡的布告欄更是外國朋友必看之處，上面貼滿了工作機會，租屋及一些資訊。大約半年，綠屋會更新一些菜單，所以這裡的SPECIAL可是外國朋友相當期待的。當然，當地人也可以輕鬆前往用餐，老闆David是很親的人喔，如果總覺得一般義大利麵不夠味，那麼不妨來綠屋試試吧！",臺南市東區府連路370號,886-6-2365828,週一~週日10：30~22：00,120.216646,22.984592,01,2012/09/26 12:00:00
f_17,C3_395000000A_000017,西堤牛排-台南‧民族店,王品集團-西堤牛排，以時尚都會風格，提供物超所值的西式套餐；用愉悅、年輕、熱忱的服務每位貴賓。,臺南市中西區民族路二段60號,886-6-2268570,週一~週日11：30~14：30、17：30~22：00,120.210456,22.994586,01,2012/09/26 12:00:00
f_18,C3_395000000A_000018,伊莉的店,"「手調式咖啡，不是像義式咖啡用機器就行，手調咖啡比較人性化～」接觸咖啡已有30年的他對於這點相當自豪。因著堅持手工，到伊莉喝咖啡可能要花上一小段等待，好延長對咖啡的想望「濾泡式咖啡比較柔軟、不像義式咖啡入口就覺得很香濃，重點在於它的後勁，像一種飄揚的香味 」彭先生說起咖啡經來像首詩呢！ 除了咖啡之外，網友相傳「一定要去看看」的伊莉裡的格調。 
伊莉是老闆女兒的名字，伊莉的店是一家小小溫馨的咖啡店，若只是不經意走過，很容易就把它忽略了，但它木飾古樸的門面很有味道。",臺南市中西區慶中街108號,886-6-2148701,週二~週日08：30~18：30/週一公休,120.205622,22.983411,01,2012/09/26 12:00:00
f_19,C3_395000000A_000019,炸蛋屋洋風和食館,"原為""黎巴嫩玫瑰-夏綠地""，後來黎巴嫩玫瑰團隊，以新的品牌和大家見面，即""炸蛋屋洋風和食館""，店內的擺設有著歐式風格加上點日式風格的元素，店內招牌炸蛋酥麵，延續蔬食的健康概念，讓顧客品嚐美味又能吃出健康。",臺南市中西區府中街100號,886-6-2284481,週二~週日10：30~14：30、17：30~21：00/週一公休,120.205663,22.990173,01,2012/09/26 12:00:00
f_20,C3_395000000A_000020,森林花園-崇善店,"我們堅持天然低油、低糖的純手工製作，來服務每一個愛吃甜食的您，更讓您在享受甜食有""零負擔""的飽食感，用心的服務、創新的品質與衛生是我們的經營信念，呈現出暖烘烘的幸福滋味，期待您有最大的享受與滿足。根據從事烘培、餐飲多年的店長表示，蛋糕的好吃與否，首重「重鮮度」。因此店內所提供的西點、蛋糕，皆由森林花園的烘焙團隊所自行研發生產，除了訴求自然健康外，更以低脂、低糖、低熱量為製作導向，讓愛吃甜食的顧客，能盡情享用幸福的每一口。",臺南市東區崇善路168號,886-6-2895419,週一~週日11：00~22：00,120.223171,22.980501,05,2012/09/26 12:00:00
f_21,C3_395000000A_000021,地球咖啡烘焙美食-健康店,地球咖啡烘焙美食標榜以金屬、石頭及玻璃所構築而成的當代兼容並蓄的建築。裡頭有著寬敞明亮的空間，二樓更有舒適居家的沙發供客人享受下午茶的優閒時光。店內的咖啡及茶類，價格合理，約在110~140元不等，單點飲料並附贈一塊糕點，熱飲也可免費續杯一次，食物方面，像土司、三明治，等點心類價格約介於50~90元之間。,臺南市中西區健康路一段102號,886-6-2147897,週一~週日08：00~24：00,120.209074,22.981460,05,2012/09/26 12:00:00
f_22,C3_395000000A_000022,珈琲光廊-民族總店,成立於91年7月的珈琲光廊，由始至今持續堅持的理念，專業的技術、產品高品質、親切的服務、舒適整潔的環境，過去幾年來我們不斷的從市場上、顧客身上得到許多寶貴的經驗，這也促使我們在這個領域中不停的成長、求新、求變，珈琲光廊堅信唯有【用心】才能夠把品質與服務做到最好，也因為【用心】才能夠得到顧客對我們的信任與支持。,臺南市中西區民族路二段112號之1,886-6-2206430,週一~週日08：00~24：00,120.205720,22.995845,05,2012/09/26 12:00:00
f_23,C3_395000000A_000023,窄門咖啡,創於1991年，走進僅有38公分的入口處，沿著花草抬階而上，這就來到有如世外桃花源的窄門咖啡館。窗外一覽無疑的綠意景致和店內的溫馨陳設，構建許多人記憶中最慵懶放鬆的角落，值得前來一探究竟。 由兩棟樓房中間的小縫進去，走到樓房的後面，再攀爬一段露天的樓梯到二樓，就可以看到溫馨的咖啡屋。,臺南市中西區南門路67號2樓,886-6-2110508,週一~週日11：00~24：00,120.204757,22.989612,05,2012/09/26 12:00:00
f_24,C3_395000000A_000024,一本花田,三樓到一樓整面的落地玻璃，叫人想不看它也難。,臺南市中西區南門路179-6號,886-6-2132901,週一~週日11：00~23：00,120.204387,22.985931,03,2012/09/26 12:00:00
f_25,C3_395000000A_000025,阿烏咖啡,"阿烏咖啡自1998年開始提供現泡咖啡服務，店內的阿烏咖啡招牌咖啡是綜合咖啡，味香又會自然回甘，口齒流香，頗受顧客的推薦。每次經過延平郡王祠的路上，總會被一陣迷人又撲鼻的咖啡香吸引，人們的嗅覺自然的帶領腳步，來到瀰漫咖啡鄉的阿烏咖啡。 
像極了電視上的的藍波老師、品客洋竽片的俏鬍子模樣老闆，親自在現場為顧客沖調美味芳香迷人的各式咖啡，並搭配現烤的乳酪三明治有多種口味選擇。現烤的乳酪三明治搭配咖啡剛剛好，營養又經濟。精緻小巧的三角店面，明亮充滿溫馨的感受，三五成群的人們，總是在此駐留、喝喝咖啡、聊聊天。",臺南市中西區開山路201號,886-6-2142238 ,週二~週日09：00~16：00,120.209339,22.987145,03,2012/09/26 12:00:00
f_26,C3_395000000A_000026,尚品咖啡-台南南門店,"各國進口咖啡生豆 
各種現焙新鮮咖啡豆 
廚房 、吧台器具及雜貨 
小型炒豆機、咖啡杯、沖茶器、餐具 
花茶壺、進口花茶、果粒茶、加味茶、各類茶包 
泡沫紅茶用料、冷凍食品、濃縮果汁、果糖、蜂蜜 
各類調酒、乾冰、開店技術指導",臺南市中西區南門路233-6號,886-6-2151150,週一~週日09：00~24：00,120.204031,22.983288,05,2012/09/26 12:00:00
f_27,C3_395000000A_000027,笛詩美味廚房,笛詩美味廚房提供早餐、午餐及晚餐，店內用餐環境明亮乾淨、簡單舒適，餐點提供酥烤厚片、焗烤厚片、義大利麵系列、小火鍋系列、燉飯系列等，種類繁多可供選擇。,臺南市中西區南寧街20號,886-6-2144908,週一~週日11：00~16：00、17：00~21：00/週二公休,120.204792,22.984684,01,2012/09/26 12:00:00
f_28,C3_395000000A_000028,再發號肉粽,"創立於清同治期間，至今已有130多年歷史。傳承至今已是第四代，吳立源將粽子改成比一般大許多的肉粽，因而在府城小吃街眾所皆知。而再發號八寶粽一即是干貝、香菇、蝦米、扁魚酥、肉燥、栗子、鹹蛋、瘦肉等八寶。再使用三張竹葉包粽，外兩層為生桂竹葉，內層是煮過的竹葉，一個約十二兩。 
店家更強調肉粽的美味只要淋上肉汁，八寶粽中的豪華內餡，和上選長糯米，粽葉三層的包覆，把美味鮮甜，與肉汁搭配的天衣無縫。",臺南市中西區民權路二段71號,886-6-2223577,週一~週日09：00~20：30,120.205031,22.994359,07,2012/09/26 12:00:00
f_29,C3_395000000A_000029,阿鐵炒鱔魚,西門圓環邊的阿鐵炒鱔魚就是台南市的老字號炒鱔魚店之一，炒鱔魚講究的是大火快炒的手法時間和火候拿捏必須很精確，否則炒出來的鱔魚沒有爽脆的口感。,臺南市中西區西門路二段352號,886-6-2219454,週一~週日14：00~21：00,120.200427,22.997974,07,2012/09/26 12:00:00
f_30,C3_395000000A_000030,小公園擔仔麵,因一開始是挑擔子賣麵，所以便把這種麵叫作「擔仔麵」。 一碗擔仔麵的重頭戲不外乎湯頭和肉燥。麵的湯頭則是蝦頭湯湯汁。肉燥是選用肥瘦適中的豬後腿肉，和蔥一同爆炒後，再慢燉而成。見師傅俐落地下麵、放上肉燥、加入蝦頭湯，最後再灑上黑醋、蒜末、香菜、豆芽菜，動作一氣呵成，你還在發愣時，一碗擔仔麵赫然已出現在面前。嘗一口這府城知名的擔仔麵，肉燥香、湯頭鮮甜中帶著微酸，果然名不虛傳。,臺南市中西區西門路二段317號,886-6-2265495,週一~週日18：00~02：00,120.199682,22.997084,03,2012/09/26 12:00:00
f_31,C3_395000000A_000031,江川肉燥飯,"在台南的傳統市場內的小吃，有一種攤販賣的小吃叫 ""飯桌"" (台語發音)，這種 ""飯桌"" 的特色就是，在攤位上擺出滿滿一桌子的菜餚，然後你想吃那一道菜，老闆就用小碟子裝一份給你，而台式的自助餐就是從這個概念發展出來的，這種 ""飯桌"" 型式的小吃店，衍然是台式的自助餐的始祖。這家江川肉燥飯，已經開業超過半世紀，目前還是維持著這種傳統 ""飯桌"" 方式在經營，不過他們也懂的變通，除了在店內用餐採用古早的方式外，還有外賣便當的型式。",臺南市中西區民族路三段19號,886-6-2285397,週一~週日08：00~20：30,120.199072,22.997640,03,2012/09/26 12:00:00
f_32,C3_395000000A_000032,真正紅燒土魠,在台南頗常見的特色小吃-魚土魠魚羹，他的魚塊應該可說是台式的炸魚排。既然是以「炸」的手法料理，那香、酥、脆必是不可少的特質，這一點，位在民族路二段的真正紅燒魚土魠「真正」做到了。因為標榜的是真材實料，所以很自豪的將店名取為「真正」，這是一種堅持，也是一種自我期許。魚塊皮脆肉嫩、羹湯甘甜是一碗好吃的魚土魠魚羹必須具備的特點。老闆以其接觸魚類料理多年的經驗，研究出一套獨家刀法來處理魚土魠魚，把魚切塊、浸入特製佐料中，然後下鍋油炸。火候的控制很重要，炸的不夠，外皮不會脆，魚肉也可能沒熟;炸的太老，魚塊的口感就變硬了。羹湯的製作則是以獨家配料熬湯，然後勾芡，最厲害的是，老闆勾出來的芡沒有氣泡，整碗羹湯看來清澈透明，賣相很好。一口魚肉、一口羹湯，滿嘴都是酥脆、鮮嫩、香甜，仔細品嚐，你的味雷會感受到真正紅燒魚土魠的用心。,臺南市中西區民族路二段46號,886-6-2283453,週一~週日11:00~23:00/月休一天,120.210810,22.994579,07,2012/09/26 12:00:00
f_33,C3_395000000A_000033,清子香腸熟肉,"香腸熟肉是府成獨特的飲食文化，攤子上擺上10多種冷食，有大腸、蟳丸、豬肝、米血、殺魚肉…等 。
老闆娘許清子從50年前就跟著父母在台南市最有名的石精臼點心城開業 ，時光雖然飛逝 但是香腸熟肉還是一樣美味，同樣不變的還有那塊用了50年的老沾板。",臺南市中西區民族路二段248號,886-6-2206158,週一~週日11：00~20：00,120.201328,22.997374,07,2012/09/26 12:00:00
f_34,C3_395000000A_000034,麻豆助碗粿,台南是碗粿的故鄉，最經典的莫過麻豆助碗粿，幾十年的經驗傳承，將簡單的材料發揮到極致，一碗小小的碗粿不起眼，卻飄發著濃郁的鄉味，外出工作的麻豆人嚐到熟悉的滋味，往往熱淚盈眶。,臺南市中西區西門路一段704號,886-6-2157079,週一~週日10：00~24：00,120.197756,22.989645,07,2012/09/26 12:00:00
f_35,C3_395000000A_000035,阿美飯店,阿美飯店主要有名的招牌菜是沙鍋鴨，開店以來，已有30年歷史之久，特色則是肉煮的極爛，卻不黏口，喝進湯頭有甘甜的味覺，除了鴨肉以外，白菜是次等的特色之ㄧ，沙鍋鴨的白菜可以吸取油，配上白飯，真是美味至極；而沙鍋鴨的湯頭是以豬骨所熬成的，再將白菜放置於鍋中燉爛到底，再挑一隻三斤半左右的中等嫩鴨，將其稍微油炸後與豆腐、肉絲、扁魚、鳥蛋、草菇、金針等配料一起放入砂鍋中，用慢火燉約2小時完成。,臺南市中西區民權路二段98號,886-6-2222848, 週一~週日11：00~14：00、17：00~21：00,120.204127,22.994777,03,2012/09/26 12:00:00
f_36,C3_395000000A_000036,阿鳳浮水虱目魚羹,阿鳳浮水虱目魚羹是由創始人林葉愛銀於民國46年創立，現金由第二代林炎生及第三代林建良協助經營，浮水魚羹是取自魚肚和魚背肉，將魚肉打成漿，稍加調味後，捏成一條條的魚羹塊，丟入滾水中，熟了就會浮起來，所以才會叫做浮水魚羹，煮過魚羹快的湯，再加入地瓜粉經勾芡後，反而成為清甜可口的羹湯。而阿鳳的浮水魚羹內餡包虱目魚，不帶骨刺，且魚漿是用虱目魚再加入香菜、薑絲與黑醋做成的，味道令人覺得特別的鮮美。,臺南市中西區保安路59號,886-6-2256646,週一~週日07：30~24：00,120.196385,22.990263,07,2012/09/26 12:00:00
f_37,C3_395000000A_000037,森茂碗粿-開山店,「森茂碗粿」的由來，老一輩長者都知道取名於曾任台南市機要秘書的陳森茂先生，民國六十六年一直賣到現在，因口味獨特，香Q爽口，所以很受到府城顧客的讚賞。多年來隨著時間過去和陳森茂先生的過世，民眾已不記得「陳森茂」這號政治人物，但在開山路與大同口的「森茂碗粿」人潮依然洶湧，靠著蘇家多年製造碗粿的功力及消費者的口碑，逐漸成為了眾所皆知的台南小吃代表之一。,臺南市中西區開山路317號,886-6-2143389,週一~週日09：00~21：00,120.211071,22.985106,07,2012/09/26 12:00:00
f_38,C3_395000000A_000038,森茂碗粿-赤崁店,「森茂碗粿」的由來，老一輩長者都知道取名於曾任台南市機要秘書的陳森茂先生，民國六十六年一直賣到現在，因口味獨特，香Q爽口，所以很受到府城顧客的讚賞。多年來隨著時間過去和陳森茂先生的過世，民眾已不記得「陳森茂」這號政治人物，但在開山路與大同口的「森茂碗粿」人潮依然洶湧，靠著蘇家多年製造碗粿的功力及消費者的口碑，逐漸成為了眾所皆知的台南小吃代表之一。,臺南市中西區民族路二段228號,886-6-2225575,週一~週日09：00~21：00,120.201778,22.997221,07,2012/09/26 12:00:00
f_39,C3_395000000A_000039,傅美麗油飯,位於孔廟商圈位置，是台南府城傳統的古早味，純手工製作，遵循50年傳統口味製作油飯，這家店歷史悠久的特色，是已經三代傳承經營，口味獨特為府城弟子必嚐的老店，更是遊客的最愛，完全是家族經營。,臺南市中西區府前路一段251號,886-6-2148628,週一~週日09:00~21:00/每月第一週星期日休,120.202762,22.989284,03,2012/09/26 12:00:00
f_40,C3_395000000A_000040,阿浚師古早味魯麵,早期魯麵主要是閩南人於婚禮、壽辰各種喜慶中，藉著分送魯麵的分式，與街坊鄰居一起分享喜慶氣氛，鄰居於食用完畢後，將祝賀的小禮物與乘麵的碗一起送交給主人家，除了給主人家的祝福之外，更重要的是傳送了禮尚往來之意，也因此魯麵得到「報喜菜」的美名。即使是一碗平凡的魯麵，它背後所隱藏的故事，也都是先民遺留下來的智慧結晶；時至今日，在一級古蹟赤崁樓斜對面的「阿浚師魯麵」，不但秉持古法煮魯麵，同時在訴說魯麵故事之餘，也讓食客仍能享受香Q且滑溜的魯麵。一碗看似平凡的魯麵，它卻包含白菜、蘿蔔、金針、木耳、香菇、豬肉片、魚漿、扁魚等，皆為不可或缺之食材；阿浚師說，除此之外，最重要的還是主廚者遵循古法，以數代相傳之獨門料理方法，將魯羹與鴨蛋黃均勻調和，少許的砂糖及翠綠香菜，以及點滴烏醋，就這樣產生了一碗色香味俱全的魯麵。 ,臺南市中西區民族路二段369號,886-6-2240344,週一~週日09：00~21：00,120.201880,22.996987,03,2012/09/26 12:00:00
f_41,C3_395000000A_000041,包子祿,本店歷史已有130年之久，老闆從14歲就開始每天半夜2點左右就起床做包子，現在已經是65歲的年紀了，他說過幾年後就會傳承給女兒繼續做。主要是賣饅頭、包子、水晶餃。,臺南市中西區開山路3巷27號,886-6-2259181,週一~週日07：00~18：30,120.206472,22.991998,03,2012/09/26 12:00:00
f_42,C3_395000000A_000042,阿霞飯店,「阿霞飯店」的創辦人吳錦霞女士，因家計因素未能繼續升學，並到父親的「飯桌仔」幫忙，維持家計並栽培弟妹成長。戰後，遷移到中央市場即今國花大樓附近，賣油炸肉圓、大腸、粉腸、蝦捲等，因地段好，口味佳，漸漸打出知名度，多位台南知名政要也都成了老主顧。民國七十二年再搬遷進現址，正式命名「阿霞飯店」營業。當時曾因先總統蔣經國先生的光顧而名聲大噪全台，成為日後的台灣總統和政要或影視名流來台南時的必訪之地。,臺南市中西區忠義路二段84巷7號,886-6-2231418,週二~週日11：30~13：30、17：00~20：00/週一公休,120.203690,22.994121,03,2012/09/26 12:00:00
f_43,C3_395000000A_000043,克林食品店,「克林食品店」是台南人特殊的記憶，它創造過許多其令人回味的商品；三十五年前開始販售的「八寶肉包」也是克林的招牌商品，「八寶肉包」是第一代劉老先生的傑作。起因於每年除夕夜，「頭家嬤」都會做八寶肉丸的料理，可蒸、煮、炒、炸，是用途廣泛的食材，劉老先生將八寶肉丸加以改良，為了適合存放口味做得較重，因為當時冰箱不是普遍的電器。一個包子15元，一天只賣60個，限量供應。,臺南市中西區府前路一段218號,886-6-2222257,週一~週日08:00~22:30/全年無休,120.204792,22.989128,06,2012/09/26 12:00:00
f_44,C3_395000000A_000044,台南度小月,"精緻肉燥選用優良腿肉，加上道地的台灣蔥爆炒，提高肉燥香味及口感，同時加入特製的調味料，最後經過長時間的燉煮、高溫真空殺菌，百分百保存肉燥的原味，可使消費者品嚐到度小月肉燥的精華之處。 
本店肉燥罐可以用於拌飯、拌麵、調味冷食，炒菜時加入，更可提升風味。",臺南市中西區中正路16號,886-6-2231744,週一~週日11:00~24:00,120.203663,22.992293,03,2012/09/26 12:00:00
f_45,C3_395000000A_000045,永樂燒肉飯,"一碗55元的燒肉飯，不僅份量多、好吃，而且還很健康的附一碗沙拉和一碗味噌湯，吃起來不僅滿足還很健康，所以總是大排長龍的。 
燒肉飯：一碗飯 + 一碗味增湯 + 一生菜沙拉 = ( NT55 )",臺南市中西區民族路三段16號,886-6-2281516,週一~週日10：00~21：00,120.199190,22.997830,03,2012/09/26 12:00:00
f_46,C3_395000000A_000046,小南碗粿魚羹,小南的碗粿像布丁一樣很有彈性，搖起來會晃動，內容料好又實在，醬料也不會太鹹，浮水虱目魚粳也很美味，粳肉比一般店家做的還要Q軟，店面雖小，但整理得乾淨整潔，前陳總統時還曾被邀請參加國宴，目前沒做批發，但有宅配服務。,臺南市中西區府前路二段140號,886-6-2243136,週一~週日8：30~19：30,120.194561,22.991320,07,2012/09/26 12:00:00
f_47,C3_395000000A_000047,落成米糕店,店內的米糕選用保存一年的長糯米，使米糕不爛且有彈性，店內有四神豬肚湯、活魷魚、米糕……等菜色。,臺南市中西區民族路二段241號,886-6-2280874,週一~週日12：00~23：30,120.204648,22.995962,03,2012/09/26 12:00:00
f_48,C3_395000000A_000048,永記虱目魚丸,用新鮮的虱目魚製成的魚丸滋味香甜，口感又Q脆。湯頭則是店主精心熬了四、五個小時的大骨、魚骨湯。一碗香噴噴的肉燥飯配上一碗魚丸湯，就可以讓人飽餐一頓了。,臺南市中西區開山路82-1號,886-6-2223325,週一~週日06：30~13：00,120.206732,22.989966,07,2012/09/26 12:00:00
f_49,C3_395000000A_000049,友誠蝦仁肉圓,"主要商品：蝦仁肉圓一份三粒45元、香菇肉羹一份35元、虱目魚丸湯一份25元。 
特色：手工製作的蝦仁肉圓外皮由「在來米」磨成米漿加地瓜粉而成，皮薄又Q、蝦仁是採用「火燒蝦」，經抽沙處理，新鮮又脆，又有肉燥香，加上特製的醬汁，再來一碗味濃、料多的肉羹，真是人間美味。 
商店歷史特色：本店於民國39年在東門圓環創業，至今已經傳至第三代，現址於民國89年重新裝修，冷氣全天開放，店內明亮、寬敞、舒適，服務人員親切熱忱。",臺南市中西區開山路118號,886-6-2244580,週一~週日09：30~20：00,120.207188,22.989416,07,2012/09/26 12:00:00
f_50,C3_395000000A_000050,第三代虱目魚丸,自打魚漿自製純正虱目魚丸、蝦丸、肉丸等，搭配魚肚、魚皮及特製粉蒸、燕餃等、脫腸(豬小腸製)、肉燥飯及各式魯味。傳承至今已第三代經營，魚漿新鮮、自然魚丸新鮮、口味道地，所用湯頭乃魚骨、大骨及蔬菜慢火熬6小時以上，不加味精，新鮮甘甜，是給全家人好吃、健康的最佳選擇。,臺南市中西區府前路一段210號,886-6-2209539,週一~週日06：00~23：30,120.205064,22.989128,07,2012/09/26 12:00:00
f_51,C3_395000000A_000051,福記肉圓,屏東肉圓的皮較厚且內餡是切散的小肉塊，而福記肉圓的內餡是用整塊肉（傳統台南蝦仁肉圓則是用肉燥喔！），製作方式是用生肉浸泡醬汁再外包肉圓皮直接下去炊煮，為了讓較大塊的肉蒸熟，時間也比較久，因此肉圓皮也比一般肉圓的稍軟且吃得出肉香！福記的沾醬也是由江老闆為配合福記肉圓特別研發的，主要是由糖、醬油、蕃茄醬、豆腐乳等調製，而非一般普通的醬油，老闆還特別強調「福記肉圓的好吃，就在肉圓、醬汁和大骨熬湯搭配起來的整體風味！」,臺南市中西區府前路一段215號,886-6-2158199,週一~週日06：30~21：00,120.203727,22.989116,07,2012/09/26 12:00:00
f_52,C3_395000000A_000052,保安路米糕,"本店起源於民國50年，創始是由洪炳仁夫婦在台南市西門路與府前路口(地名:下大道)設攤營業，復於69年因道路擴建拆除緣故，遷至現地繼續營業，目前由第二代接手繼續經營。 
本店米糕堅持傳統作法，保留古早味，口味獨特，肉燥香，魚脯新鮮，另保留傳統包法（使用粽葉包裝）。炊蒸過後，更具風味。",臺南市中西區保安路16號,886-6-2248112,週一~週日10：30~22：00,120.197157,22.990296,03,2012/09/26 12:00:00
f_53,C3_395000000A_000053,廣興肉脯店,肉干利用整塊原肉切片，配合熬煮4小時的秘方醬料一起醃製，經過一整晚後透過陽光的曝曬和含有些許蜜香的龍眼木炭文火炭烤下，呈現出南台灣艷陽特有的色澤與滋味。肉酥主要用慢慢的火把豬肉熬到糜爛而不是用粉來假裝酥脆，因為絕頂的肉酥是酥而不是脆。,臺南市中西區府前路一段90巷62號,886-6-2227447,週一~週日07：30~21：00,120.209295,22.990245,06,2012/09/26 12:00:00
f_54,C3_395000000A_000054,俊吉當歸鴨,"本店之所以能夠生意興隆， 歷久不衰的密訣是: 直接向漢藥大盤商購買 ""道地"" 的藥材， 控制火候到最適當的時間， 到鴨肉本身顯現的鮮嫩度，鴨肉必須 用大鍋燉煮， 一次放入多隻鴨， 使湯頭更顯甘鮮， 本店只賣單一品項， 如：鴨肉盤， 下水， 鴨心， 皆以鴨為主要訴求。更有以乾料理所做的鴨腸與鴨心及香Q的鴨米血， 還有最富有人情味的用餐環境。",臺南市東區東安路120號,886-6-2381815,週一~週日11：00~22：00,120.226844,22.993792,03,2012/09/26 12:00:00
f_55,C3_395000000A_000055,義珍特製香腸,"本店在此已經開業30多年了，我們店內零售、批發均可，販賣的項目：只要是豬肉類加工方面都有，如：肉乾、香腸、肉絲、肉條等等。
我們的商品全部都是我們自己的工廠生產出來的，非常適合中秋、過年過節送的伴手禮喔！ 
有宅配服務，訂單$1500元以上免運費，歡迎來電詢問喔！",臺南市東區裕農路616號,886-6-2683747,週一~週六08：00~21：00/週日公休,120.235445,22.988453,06,2012/09/26 12:00:00
f_56,C3_395000000A_000056,九分十刻咖啡美食館,"秉持著服務與舒適的方針，在設計上請台灣名設計師設計，舒適的沙發椅與明亮整潔的服務品質。餐飲方面本店擁有南部少有的雙主菜創意西餐，口味獨特，精緻美味，物超所值。 
西餐供應時間 ：AM11:00~PM2:30，PM5:00~PM9:30 
火鍋 : 全天候供應 
超值的商業特餐是上班族的最愛，僅150元的消費，歡迎來府城一遊時請賓臨本店，享受輕鬆自在的9分10刻美食。",臺南市東區東安路51號,886-6-2761665,週一~週日11：30~23：00/每月的第一與第三個週二店休,120.226194,22.992119,01,2012/09/26 12:00:00
f_57,C3_395000000A_000057,上海好味道,本店創立於1992年，小菜有40~50種。老闆全家擁有三張乙級中餐烹調證照，本店強調衛生，用心，專業，好味道，選用新鮮，尚好的食材，不添加過多調味料。老闆在大學餐飲學系教授餐飲課程。 ,臺南市東區東安路26號,886-6-2081601,週一~週日09：00~24：30,120.226307,22.991535,03,2012/09/26 12:00:00
f_58,C3_395000000A_000058,上富排骨飯,"原先位於舊東門圓環時期已在做油湯，是於民國57年被拆遷後，才搬至小南及師院附小圍牆邊。不論中、晚餐時間，總是大排長龍，請問了老闆娘他們店的特色為何？老闆娘很直接的回答：「他們堅持採用新鮮豬肉」。 
店裡的滷排骨飯55元、咖哩飯55元、中食110元也是從創業就傳承至今的特色之ㄧ。至於中食，類似一份套餐，有生菜沙拉、炸魚、炸蝦、炸豬排。除了四道招牌料理之外，上有提供三道湯品，「川芎腦隨湯、排骨湯、味增湯」也非常值得品嚐一回。",臺南市東區大同路一段144號,886-6-2131503,週一~週日11：30~20：00,120.210998,22.984210,03,2012/09/26 12:00:00
f_59,C3_395000000A_000059,85度C-台南東寧店,85度名字的由來，85度C 這好記又特別的名字，取名來自「咖啡在攝氏85度時喝起來最好喝的意思」，在此溫度下可讓您品嚐到咖啡中甘、苦、酸、香醇等均衡的口感，而這也代表的是85度C品牌希望產品呈現給顧客都是最優質品質、最美味、超值的精神，也期待消費者到85度C消費都能感受到品牌所帶給的甜蜜幸福感動。,臺南市東區東寧路214號,886-6-2763311,週一~週日07：00~01：00,120.224642,22.990891,05,2012/09/26 12:00:00
f_60,C3_395000000A_000060,庫肯花園,"庫肯花園 Keukenhof Garden，名字取自於荷蘭美麗的後花園 - 庫肯霍夫花園，既是庭院，又是廚房，也是Jacoba女伯爵為親朋好友準備自製佳餚的好所在。 
庫肯花園，餐廳外的歐風佈置，總又讓人恍如置身國外的感覺。這兒是許多路人駐足拍照的熱門景點！
庫肯花園的前身原是長春藤，非常有氣質的一家餐廳。 以白色為主調的設計，配上大量原木傢俱，再加上一些精緻的小裝飾，呈現出非常典雅的歐式氛圍。",臺南市東區大學路22巷1號,886-6-2352201,週一~週日11：30~22：30,120.221226,22.995853,01,2012/09/26 12:00:00
f_61,C3_395000000A_000061,貴族世家牛排-台南中華東店,貴族世家牛排向來以一顆誠摯的心，不 斷創造更豐富、更健康、更可口的商品為己任，以博得消費者的喜好，更不斷的以物美價廉而多樣化的服務，來服務大眾。,台南市東區中華東路三段291號,886-6-3358166,週一~週日11：00~22：00,120.223613,22.974312,01,2012/09/26 12:00:00
f_62,C3_395000000A_000062,諾亞方舟主廚餐廳,位於成功大學旁，是一家運用大量原木設計的峇里島風情餐廳，以半穿透的松木格柵，建構出佔地百餘坪的空間，極簡低調宛如私人VILLA。中午時有充沛的陽光灑落，晚上9點半過後就搖身一變成為時尚的星空Lounge Bar，超大的戶外沙發區可享受無光害的星空，以及香檳、紅白酒，以及26種調酒與伏特加。,臺南市東區大學路18巷11號,886-6-2381399,週一~週日08：30~02：00,120.220967,22.995042,01,2012/09/26 12:00:00
f_63,C3_395000000A_000063,阿地牛排,阿地牛排館，有著憨直的老闆和老闆娘一直秉持著對排餐的熱忱和堅持，每天都提供最新鮮的肉品來作為店中的食材，不論是明蝦、牛肉、羊排、豬肉、雞肉，均提供原味；也可以依個人的喜好選擇不同的醬汁（黑胡椒、蘑菇、洋蔥等）。,臺南市南區明興路62號,886-6-2612768,週一~週日11：00~24：00,120.187546,22.959624,01,2012/09/26 12:00:00
f_64,C3_395000000A_000064,轉角餐廳,"大學路22巷紅磚道上，成大學區的靜僻小巷裡。轉角餐廳有著南台灣鳳凰花橘色熱情，與歐式白色優雅風華的外觀。轉角的創店主廚-曾榮雄曾至歐洲工作，在台北晶華飯店尚未開幕前 
已經在當時最頂級的環貿聯誼Bankers Club，(Bankers Club是培育當今許多傑出餐飲人士的溫床)後在台北晶華酒店開幕時擔任義大利廳副主廚，1995年，Dream Come Ture，在台南完成開店的夢想，如今專業的餐飲經驗加上經營的用心，讓轉角成為南台灣中高層人士最愛的用餐地點之一，更是許多商務人士招待外國賓客最津津樂道的款待場所。",臺南市東區大學路22巷12號,886-6-2754321,週一~週日11：30~21：00,120.221219,22.995335,01,2012/09/26 12:00:00
f_65,C3_395000000A_000065,繆思義式餐坊,"『繆思園Muses Garden』，身在Muses中，沒有壓力與喧囂，只有寧靜與悠閒的享受；『繆思園』 提供多樣化的異國料理美食：排餐、義大利麵、焗烤、火鍋、韓式石鍋、鐵板燒、素食套餐與精緻下午茶套餐，讓您一邊品嘗可口佳餚，一邊享受無拘無束的音樂空間。 
店長極力推薦繆思園招牌餐：『香煎松阪豬排』&『香烤德式豬腳』，『香煎松阪豬排』選用豬頸肉部位，搭配主廚私房配方醃漬後，經由主廚巧手香煎半熟再烘烤全熟，鮮嫩的肉塊和著鮮甜肉汁入口，絕對讓您允指回味，妙不可言 『香烤德式豬腳』經過主廚獨特製作方式：燉煮、油炸、烘烤一貫而成，外皮酥嫩有嚼勁，肉質鮮滑不乾澀，筋、骨之間的風味不言可喻。",臺南市北區北園街8巷58號,886-6-2363918,週一~週日11：00~14：00、17：00~22：00/週三公休,120.223975,23.010909,01,2012/09/26 12:00:00
f_66,C3_395000000A_000066,巧客餐廳,巧客餐廳位於長榮路三段66巷裡，路口沒有指標，且沒有顯眼的招牌 ，店內提供義大利麵、德國豬腳、披薩、飲料、甜點等，單點的價格加60元就可升級成套餐，附有沙拉、麵包、濃湯、飲料、甜點。喜歡吃異國料理的您，一定要來品嚐看看。,臺南市東區長榮路三段66巷41號,886-6-2742680,週一~週日10：00~22：00,120.223114,22.993659,01,2012/09/26 12:00:00
f_67,C3_395000000A_000067,雅比斯園咖啡坊,"雅比斯園是一個很溫馨，自在的聊天場所；隨手點上一杯咖啡，茶品，可讓你暫時忘掉一天的緊張腳步，肚子有點餓又不是太餓時，又可來點簡單的美食，重點是消費不貴！
來店又有精緻的紙雕作品，絕對讓你嘆為觀止，有空邀個三五好友來坐坐吧！",臺南市東區中華東路三段377巷2號,886-6-3360076,週一~週日11：00~23：00/週二公休,120.221450,22.973559,03,2012/09/26 12:00:00
f_68,C3_395000000A_000068,那個時代法式餐廳,「那個時代」之所以獲得廣大的肯定，華美的陳設、好吃的料理固然不在話下，但，還有一項決定性的重要原因──給客人賓至如歸的「服務」。「餐廳成功與否，餐點很重要，但服務更重要！」Roger這麼說。服務、行銷、生產要平衡，讓「那個時代」的市場面被消費者接受，是他最終的願望。美食、美景、美好的服務，台南人不可不知的浪漫法國餐廳，SomewhereinTime那個時代。,臺南市東區裕農路27-11號,886-6-2082936,週一~週日12：00~22：00,120.225021,22.985309,01,2012/09/26 12:00:00
f_69,C3_395000000A_000069,綠色法藍絲,隱身綠意盎然的巷弄中的「綠色法藍絲」是一個很家庭式的法國餐廳，在台南當地的盛名極高。負責掌廚的師傅來自法國「DeDe」中文名為「唐義農」，當初為了愛情才來台灣，他所要呈現的是一個和台灣人一般印象中不一樣的法國。「鮪魚沙拉飯」則是添加入了新鮮番茄、小黃瓜、生菜、起士、鮪魚和煮熟後的冷米飯，吃起來每一口都有不同的層次與口感，味道相當清爽。而改良自法國薄餅而來的這道「海上薄餅」嚐得到用以洋蔥、蘑菇炒香後到入白酒和鮮奶油以及少許番紅花所製做而成的白醬，加入花枝、蛤蜊肉、蟹肉包裹於煎薄餅中，氣味香濃四溢也有海鮮的鮮甜。,臺南市東區怡東路86巷7號,886-6-2364655,週一~週六11:30~14:30、17:30~22:00/週日公休,120.228557,22.992933,01,2012/09/26 12:00:00
f_70,C3_395000000A_000070,唐莊港式飲茶,"我們堅持選用，最新鮮的食材，豐富多樣的佳餚 ，是您聚會、宴客的最佳選擇！
六色大拼盤、金針海鮮羹、白灼海大蝦、煙薰龍雪魚、翡翠竹笙捲、福州米糕紅蟳、百花壹品蔘、上湯佛跳牆，特別推出精緻的港式飲茶、點心以及現點熱吵佳餚，豐富多樣化的選擇，並且有親切的專人推車服務，每樣點心都是真材實料，喜宴免收10%服務費，精緻餐點，在這特別的日子裡，從禮堂布置、喜燈、喜燭、收禮檯、相框架、花門、花柱、主桌花檯裝飾到精緻喜宴菜單製作，為您巧新的安排，讓您擁有最難忘的溫馨祝福。",臺南市東區長榮路一段208號,886-6-2352345,週一~週日11：00~14：00、17：30~21：00,120.218540,22.985365,03,2012/09/26 12:00:00
f_71,C3_395000000A_000071,永林小吃,永林小吃14年前從土產台灣牛肉起家，從一家店面擴充到目前五家店面的規模，吸引無數媒體報導，永林獲得老饕的肯定，原因其實很簡單，對新鮮食材的堅持，實實在在的料理方式，盡量採用現代人追求健康的烹調等都是主因。,臺南市東區東豐路441號,886-6-2093462,週二~ 週日10：00~24：00/週一公休,120.226878,23.002392,03,2012/09/26 12:00:00
f_72,C3_395000000A_000072,小南米糕,三代傳承的百年老店，高票入選府城十大伴手禮，堅持用的是高山黑豬肉，米糕~一種長得很像油飯的小吃，但是飯裡又沒有像油飯一樣那麼多種料，只有簡單的肉燥、魚酥。一種到處都看得到的傳統小吃，而且每間都各自堅持自己的風格，自己的口感和品質。在台南米糕可以說是到處都看得到，而且非常平價的小吃，一碗小小的米糕，主要吃的是口味。就台南市來講米糕各家的味道不會差太多，這樣說好像每家都一樣，那還有什麼好介紹的啊。其實每個人的口感及喜好都不盡相同，當然就是因為個人喜好不同，所以就在一樣的小吃裡，能夠做出自己的風格，自己的味道，當然就能滿足來自各地饕客的嘴巴。或許大家還有印象，在國宴裡眾多小吃中，小南米糕也是其中一樣，由此可見台灣人對米糕的喜愛程度喔!!!,臺南市東區大同路一段189號,886-6-2137718 ,週一~週日11：00~23：00,120.211322,22.984235,07,2012/09/26 12:00:00
f_73,C3_395000000A_000073,水缸豆花,"取名水缸豆花，是因為豆花裝在水缸內，吃起來會有特別的口感。 
黃豆是使用非基因黃豆，金字塔能量水，絕不添加任何防腐劑。 保證純手工製作！
販賣 ： 紅豆、綠豆、大豆、珍珠、波霸豆花，豆漿，薏仁湯。",臺南市東區府連東路22巷1號,886-6-2367382,週一~週日11：00~21：00,120.217153,22.984474,05,2012/09/26 12:00:00
f_74,C3_395000000A_000074,大同包子,"創業於民國54年，第一代負責人任陰秋，是位光復後來台的外省藉軍人。初到台灣時，生活困苦，於是向親戚學習包子、饅頭的做法，便開始做起包子店的生意。 
主要與別家包子店不同於獨特的餡料。傳統包子肉、蔥、高麗菜的搭配，改變成冬粉、肉、蔥的餡料。 除此之外，麵皮也是相當有咬勁。完全在手工柔橄，勁道十足，目前負責人任怡誠說：「一般包子店都使用低筋麵粉來製作包子、饅頭，因此吃起來較為鬆軟」；而大同包子則使用中筋麵粉，保持有勁及香Q的口感。咬起來像似包子在嘴裡跳舞喔！",臺南市東區大同路二段115號,886-6-2141008,週一~週日06：00~19：00,120.213659,22.978343,03,2012/09/26 12:00:00
f_75,C3_395000000A_000075,千香漢堡店,"1. 本店以新鮮的食材製作食品。
2. 請求快速與便利。
3. 麥香雞由老闆獨創特製調味，深獲客人愛戴。
4. 蛋餅也不像現在外面的餅皮，本店餅皮 Q 軟，也是老闆親自調配。
5. 咖啡牛奶、花生牛奶等冷熱飲，因味道香濃，獨特是許多客人必點的飲品。",臺南市東區東安路217號,886-6-2363303,週一~週日05：30~12：00、16：30~18：00,120.226952,22.995516,01,2012/09/26 12:00:00
f_76,C3_395000000A_000076,小西腳碗粿,小西腳碗粿由蔡再發於民國四十一年創立，早期只是位於小西門城下的一個小攤，由於用料實在，口碑漸漸傳開來，建立了知名度。店內香Q的碗粿及用大骨和椪豆熬製的豆仔湯是饕客最愛點用的招牌商品。,臺南市南區夏林路1-29號,886-6-2245000,週一~週日10：00~19：00,120.195134,22.985797,07,2012/09/26 12:00:00
f_77,C3_395000000A_000077,高玉食堂,"高玉食堂 一個愛做點心料理的女主人，為朋友準備的舒適用餐的場所，本於""呷飯皇帝大""於是您的御用廚房就此誕生，這裡是可以讓朋友泡茶、聊天、宴會的好地方。",臺南市南區國民路38號 ,886-6-2883181,週一~週日07：00~21：30,120.214505,22.967538,06,2012/09/26 12:00:00
f_78,C3_395000000A_000078,朱記香港茶水灘,"本店創於1999年，早創時期只以港式點心為主，認為服務擴大顧客，才擴大營業，改以小炒類為主。本著薄利多銷的原則，採中低價位，經過眾多顧客的認同，才走出自己的風格。 
本店港式點心以蜜之鳳爪、水晶蝦餃、藥膳魚肚…等，小炒類又以松阪豬肉、薑絲大腸、剁椒龍膽…等最為暢銷。",臺南市南區大同路二段192號,886-6-2149152,週一~週日11：00~14：00、17：00~24：00,120.213631,22.976949,03,2012/09/26 12:00:00
f_79,C3_395000000A_000079,糖郊赤崁黑糖商行,赤崁糖另帶著一般黑糖所沒有的「龍眼碳焙香味」，100%甘蔗汁直煉，無添加、零加工未抽「糖蜜」之真黑糖，經檢驗含26種營養素，是最優質的「天然複合維生素」，為頂級廚師、烘焙師提味之「夢幻食材」。,臺南市中西區永福路二段178號,886-6-2230209,週一~週日10：00~19：00,120.201937,22.995641,06,2012/09/26 12:00:00
f_80,C3_395000000A_000080,海拔900米咖啡,海拔900米咖啡簡餐店提供咖啡、茶飲、簡餐、小火鍋等，提供給顧客一個安靜、悠閒的用餐環境。,臺南市南區新孝路142號,886-6-2914900,週一~週日06:00~22:00,120.185992,22.977968,01,2012/09/26 12:00:00
f_81,C3_395000000A_000081,桃山餐廳,"場地說明 ：由於一開始宴客桌數預訂只有十桌，餐廳安排在包廂式的龍鳳廳，不關門的話剛好可放上10桌，加上廳外預備的空間可再增加2桌。包廂內的裝潢簡單優雅，空間的部份雖然是包廂，不過滿剛好的，桌巾椅布的色系柔和，地上也有地毯；桃山的一樓是給一般客人使用，二樓就是宴客的餐廳，包廂外面就是一個可容納三四十桌的宴客場地，還有一個很大的舞台，有單槍投影機跟音響可以使用。
設備說明 ：單槍投影機、音響；有專人服務，且免費使用。免費提供收禮桌、畫架(相片架)、禮金簿、簽名簿、喜糖…因為餐廳裡的裝潢已經滿新穎且大方，所以不用另外佈置就很漂亮，餐廳又額外放了幾個氣球，整體風格很溫馨。",臺南市南區健康路二段460號,886-6-2614163,週一~週日11:00~14:00(最後點餐時間13:00)、17:00~21:00(最後點餐時間20:00),120.185262,22.982548,01,2012/09/26 12:00:00
f_82,C3_395000000A_000082,東東粵菜,流傳已久的傳統粵菜，道地的美食風味，讓您有回到過去的飲食享受。,臺南市北區北安路一段145-2號,886-6-2515577,週一~週日11：00~14：00、17：00~21：00,120.208593,23.017487,03,2012/09/26 12:00:00
f_83,C3_395000000A_000083,杜康樓滿漢餐廳,本公司在台南市已經有18年歷史了，由原先的鴨子樓沿革而來，後來才改名為杜康樓餐廳，在本地也可以算是老店號了，我們主要提供喜慶宴會場地、經濟現炒，而最近是推出因應消費潮流，川菜為主，另有台菜、海鮮料理等等，我們所以提供的口味都是符合大眾來吃的喔！歡迎公司、團體、家庭、生日聚餐。,臺南市南區健康路一段231號,886-6-2152687,週一~週日10：00~14：00~17：00~21：00,120.206643,22.981155,03,2012/09/26 12:00:00
f_84,C3_395000000A_000084,台南水交社-老鄧牛肉麵,"屹立於台南市水交社空軍眷村的「老鄧牛肉麵」，舊址未來將變更為「台南水交社文化園區」，於是老鄧於民國97年搬遷到新址，希望藉由更好的改造與行銷的手法讓老鄧牛肉麵更好，老鄧以此「讓客人想到了牛肉麵或滷味就想到了老鄧，也能讓老鄧牛肉麵成為台南赫赫有名的小吃之一~聞名全台」為目標。
台灣知名的牛肉麵不勝枚舉，麵食、滷味、涼拌小菜等，都是台灣隨處可見的小吃。牛肉麵湯頭各有各的風味，但老鄧湯裡的牛肉卻是眾家牛肉麵店所無法比擬的，牛肉吃起來相當的軟嫩又入味。來台南水交社老鄧店裡用餐，店面裝潢雖然沒有非常的華麗，但是『採用的食材卻是五星級的』，老闆常說：老鄧牛肉麵嚴選特有的食材與對料理用心的堅持，成就了現在的老鄧。",臺南市南區大成路一段79號,886-6-2645435,週一~週日11：00~21：00,120.200768,22.974912,03,2012/09/26 12:00:00
f_85,C3_395000000A_000085,主恩之家刀削麵,刀削麵為其特色，手工蔥油餅水餃最為熱銷，環境乾淨。,臺南市南區文南路330號,886-6-2631222,週一~週日11：00~14：00、16：30~21：00,120.190239,22.987587,03,2012/09/26 12:00:00
f_86,C3_395000000A_000086,家品福牛肉麵,一隻牛只能做20碗的五星級牛肉麵。 家品福牛肉麵小館原位於台南市公園路，搬遷至台南市西門路四段，店面雖不大，但來頭卻不小，老闆陳佩胤是一位年輕有為的好青年，家品福牛肉麵堪稱五星級牛肉麵，家品福所使用的牛肉是最頂級的大花腱肉，一隻牛只能做20碗，家品福的高湯是使用牛大骨熬燉數小時而成。,臺南市北區西門路四段387號,886-6-2819998,週一~週日11：00~22：00/每個月第2.4個星期的週三公休,120.210883,23.016797,03,2012/09/26 12:00:00
f_87,C3_395000000A_000087,阿憨鹹粥,鹹粥，在台南市是相當普遍的小吃，也是相當傳統的早餐種類之一。保留傳統福建漳泉二州的半粥料理方式，「阿憨鹹粥」傳承了使人能感受到的濃郁鄉土氣息，讓鹹粥重現古意風情。由鄭極老先生親手草創的「阿憨鹹粥」，秉持誠實憨厚的敬業精神，從民族路的石精臼時期開始，到現今搬遷到公園南路，已經成為許多饕客口中稱讚的美食老店。一碗鹹粥，配上一根油條；這是最傳統，也是最正統的鹹粥吃法。,臺南市北區公園南路169號,886-6-2218699,週一~週日06：00~22：00,120.206296,23.001576,03,2012/09/26 12:00:00
f_88,C3_395000000A_000088,鮮魚店,"每天一大早老闆就會披著星斗去魚市場挑選漁獲，因為鮮魚店一律選用當天最新鮮上等的魚類料理，所以菜單是不固定的，清晨四點用魚大骨加入蔬菜敖湯，這就是一整天販賣的魚湯，完全不添加人工味精。來鮮魚店你可以先聽聽老闆的建議，推薦當天最新鮮的魚類，再選擇要薑絲清湯或是味噌湯，兩種風味的相當不錯，或是你要搭配西瓜綿湯、鮮蔬魚湯、麵線、海鮮麵都是可以的。 
當然鮮魚店的拿手絕活不只一絕而已，你還得嚐嚐他們的雜糧飯與鮭魚飯，精選池上冠軍米與精心調配的雜糧，沒有穀物的腥味，曾經是美容師的老闆娘對於吃食研究相當豐富，她認為既要吃的健康還要吃得開心，總不能為了健康而偏費了美味，所以鮮魚店的用心就是要讓你吃的健康又美味安心。",臺南市北區公園路329-2號,886-6-2521710,週二~週六 07:30~19:30/週日07:30~14:30/週一公休,120.210614,23.004722,03,2012/09/26 12:00:00
f_89,C3_395000000A_000089,阿輝炒鱔魚-門市一,"老闆許全輝先生，得自父親喜宴辦桌的功力，因此對鱔魚的調理別有心得。再加上曾用心與各家名師切磋學習，其功力的深淺從絡繹不絕的顧客便可見一般。 
鱔魚意麵是台南特有名產。大火快炒後鱔魚的清脆爽口，加上台南的名產--意麵，以特別製作的精中寬麵條，經油炸處理製成再搭配獨特酸甜配料，烈火轟炒，轉眼間熱騰騰鱔魚意麵挑人食慾。",臺南市中西區西門路二段352號,886-6-2215540 ,週一~週日11：00~23：00,120.200427,22.997974,07,2012/09/26 12:00:00
f_90,C3_395000000A_000090,海龍肉粽,"「海龍肉粽」創始人辛海樹於20歲當完「日本兵」後從菲律賓回家，便在府城傳統市場水仙宮賣肉粽和菜粽，由於大家叫他「海龍仔」，便將店名取為「海龍肉粽」。 
海龍肉粽將炒過肉燥和生米、肉塊、鹹鴨蛋、香菇及花生仁放進竹葉內，緊實綑綁，除肉燥外，其它都是生的，肉粽放進水中水煮，邊煮邊加水，如此2個小時之後，便能做出好吃的海龍肉粽。 
海龍肉粽店老闆表示，他們的粽子「常吃也不會鬧胃酸，因為糯米洗完馬上離水瀝乾，不但能降低胃酸分泌，也可增加肉粽的Ｑ度。」",臺南市中西區金華路四段134號,886-6-2252711,週一~週六00：00~24：00、週日00：00~12：00/週日下午公休,120.195351,22.999476,07,2012/09/26 12:00:00
f_91,C3_395000000A_000091,阿秀古早味肉粽,阿秀是個家庭主婦，因為好手藝，過去十多年來，親朋好友都拜託她綁粽子，客人要出國也都帶著她的肉粽，所以國內外都有忠實顧客，因此才起意弄個小店。道地的台南古早味肉粽，請大家來嚐嚐，吃過後一定會回味無窮。老闆不用醬油調味，一口粽味道全在其中，入口即化的上等五花肉、鹹蛋黃、香菇、土豆、紅蔥頭一應俱全，有純糯米粽、五穀粽和南瓜粽3種口味，糯米粽的古早味，南瓜粽的香、Q、甜，還有不適合吃糯米的人可以試試五穀粽！,臺南市北區海安路三段71巷17號,886-6-2232383,週一~週六07：30~18：00/週日公休,120.198813,23.002608,07,2012/09/26 12:00:00
f_92,C3_395000000A_000092,華興鱔魚意麵,商家堅持道地美味，食材新鮮，衛生乾淨，而且一般平價，值得一試。,臺南市北區公園路840號,886-6-2515467,週一~週日11：00~14：00、17：00~23：30/週二公休,120.212102,23.013302,07,2012/09/26 12:00:00
f_93,C3_395000000A_000093,茂記黑豆花大王,"『茂』字號黑豆花所製作的黑豆花，細緻又綿密的特殊風味，著實能滿足消費者的口腹之慾。在府城小吃中，只有『茂』字號才是黑豆花的創始者。 
海陸兩棲蛙人軍官退伍的吳老闆，從《本草綱目》記載的『服食烏豆，令人潤肌膚、益顏色、填骨隨、長氣力、補虛能食』中得到靈感，以一種不破壞黑豆豐富營養成分的做法，將黑豆製作成黑豆花。",臺南市安平區安北路443號,886-6-3911373,週一~週日11：00~22：00,120.153188,22.999830,05,2012/09/26 12:00:00
f_94,C3_395000000A_000094,甜在心咖啡館,甜在心咖啡館，著「要奉獻一切為客人服務， 憑著良心尊嚴從事工作，您的滿意為我首要顧念。 」有著對品質的堅持、親切的服務態度，讓來此品嚐美食的您，甜在心。,臺南市北區北忠街58巷12號,886-6-2268168,週一~週五07：30~23：00、假日08：30~23：00,120.211358,22.999096,05,2012/09/26 12:00:00
f_95,C3_395000000A_000095,瑪薩拉企業有限公司,瑪薩拉是目前台南的印度餐館中，聘請印度籍廚師的餐館，另外的梅露沙是台籍，合里歐則老闆本來就是印度人。瑪薩拉店內裝潢也以印度風為主，電視放著印度的musicvideo，服務生也穿著民族風服飾，也有些外國人來吃飯。坦都里則是一種似壁爐式的土夯爐，通常都用來做窯烤料理。Nan則是一種烤餅，將麵粉揉製成餅狀後，一面刷上油，另一面則貼於爐壁，烤熟時，麵粉便會膨脹，所以出爐的餅會一邊烤的很硬脆，而表面則是酥脆，內裡則是很鬆軟，Nan在食用時則要配合咖哩一起吃。,臺南市北區東豐路247號,886-6-2008855,週一~週日11：00~14：30、17：00~22：00,120.221549,23.003186,01,2012/09/26 12:00:00
f_96,C3_395000000A_000096,林家碗粿,"林家碗粿創立於1979年，至今已有30年的歷史。林爸爸辛苦用心種下一顆碗粿種子，憑著對顧客的用心與堅持，將每日現做的碗粿，新鮮送到客人手上。靠著料好實在的口碑和客人口耳相傳，在台南已獲得不少老饕們的迴響，人氣居高不下。 
「碗開富粿」取其諧音「花開富貴」，希望藉由吉祥的意義，傳承台南在地美食風味，也將吉祥福氣帶給大家。 
以獨特古早味、俗又大碗、紮實口感碗粿抓住每位客人的心，林家－碗開富粿也提供素碗粿，讓吃素的人也能一飽口福。",臺南市北區開元路148巷7號,886-6-2368417,週一~週日06：00~13：00,120.219632,23.006686,07,2012/09/26 12:00:00
f_97,C3_395000000A_000097,安徒生咖啡館,"位於南市唯一綠色林蔭大道東豐路上，難得一見的綠色加上鄰近的成功大學及成大醫院，促使許多的咖啡館及餐館集中於此，形成本區特殊咖啡文化。 
本店以咖啡色系為主，歐式風格呈現的咖啡館，進口的生豆及店主人自行烘培強調新先的咖啡豆，皆形成本店強烈風格，隨時進到本店，空氣中瀰漫著濃烈的咖啡香，溫馨的室內空間更提供了三五好友聊天的好去處。",臺南市北區東豐路249號,886-6-2366771,週一~週日08：30~24：00,120.221609,23.003163,05,2012/09/26 12:00:00
f_98,C3_395000000A_000098,吉利號烏魚子,歷經三代技藝傳承堅持，製作技術源自日本專家傳授，製造過程中堅持以「野生正港海捕烏魚子」的上選烏魚子作為材料，遵循古法人工製造，製作過程經過繁雜的手續，如此做出的烏魚子吃起來香Q有勁並帶有傳統烏魚子的獨特香醇。,臺南市安平區安平路500巷12號,886-6-2289709,週一~週日10：00~20：30,120.172404,22.998904,06,2012/09/26 12:00:00
f_99,C3_395000000A_000099,得意蝦餅,來自台南安平的得意蝦餅，創立逾1971年，堅持使用天然食材，無防腐劑及人工添加物，通過南市衛生優良檢驗合格！蝦餅不僅有鮮蝦海味而且完全沒有油味，有獨立的中央廚房，統一的油炸包裝，管理品質讓人放心讓人放心！口味多樣化，價格也很公道，是來台南玩一定要買的伴手禮呦！,臺南市安平區安平路123號,886-6-2205858,週一~週日10：00~21：00,120.163305,22.999801,06,2012/09/26 12:00:00
f_100,C3_395000000A_000100,慶家食品行,色澤明亮黃金的黃金泡菜，口感甘甜，採用獨特的技術與設備，以手工按摩指壓的原理，將白菜浸泡在spa池中，將白菜發酵後的酸澀釋放出來，並搭配獨家醬汁，且無添加防腐劑，繁複的手續，呈現出黃金泡菜與眾不同的滋味。,臺南市安平區中華西路二段357號,886-6-2980766,週一~週日09：30~21：30,120.186599,22.993617,06,2012/09/26 12:00:00
f_101,C3_395000000A_000101,陳家蚵捲,在陳家蚵捲的對面騎樓，每天都可以看見好幾位婦女快手快腳地剝殼挖蚵，店內販售的產品有多新鮮，讓你一眼就知道。不管是蚵捲、蚵仔酥、蚵仔煎，甚至是烤生蚵，這裡都吃得到，想來體驗鮮味濃厚的安平海味，可別錯過蚵仔大餐。,臺南市安平區安平路786號,886-6-2229661,週一~週日09：00~21：00,120.161696,23.000327,07,2012/09/26 12:00:00
f_102,C3_395000000A_000102,貴族世家牛排-永華店,"為服務更多貴族世家的愛好者,期望推廣大台南地區道地精緻美食予社區並結合西式排餐讓餐點更豐富,提供舒適優雅的環境給顧客及員工們都有愉快的好心情。",臺南市安平區永華路二段349號,886-6-2986786,週一~週日11：00~14：00、17：00~22：00,120.181112,22.989588,01,2012/09/26 12:00:00
f_103,C3_395000000A_000103,芳苑冰棒-安平店,"府城枝仔冰專門店創立於50年代，位於市中心，民生綠園圓環旁。 
秉持著數十年來對品質的苛求，讓冰品在眾多競爭對手的市場中仍能在府城屹立不搖。 陪伴台南人成長，是許多人的童年回憶。 
本店冰品在製造過程中不添加任何色素及化學香料，每一滴水皆過濾、煮沸，原料皆以天然食材，品質保證，讓消費者皆能安心食用，吃多了也不會造成身體的負擔。",臺南市安平區慶平路743號,886-6-2990678,週一~週日09：00~22：00,120.166032,22.997597,05,2012/09/26 12:00:00
f_104,C3_395000000A_000104,臺邦商旅-帕莎西餐廳,帕莎西餐廳位於臺邦商旅內，用餐環境簡單舒適，套餐系列附有麵包、開胃酒、前菜、湯、沙拉、主餐、甜點、飲料，堅持選用新鮮的食材，加上廚師的巧手，讓食物更為可口。,臺南市安平區永華二街199號,886-6-2931888,週一~週日06：30~22：00,120.184294,22.988794,01,2012/09/26 12:00:00
f_105,C3_395000000A_000105,章成麥芽糖,麥芽餅Q軟、不黏牙的獨特口感來自於麥芽糖形成時專業製作與特有的餅乾成份。當初為了配合麥芽糖甜味，我們要求製作如銅幣般大小形狀帶有鹹味的餅乾，搭配著章成研發的Q軟麥芽糖，香酥口感鹹中帶甜的餅乾。,臺南市安平區安平路518號,886-6-5956688,週一~週日10：00~21：00,120.171691,22.998421,06,2012/09/26 12:00:00
f_106,C3_395000000A_000106,法嵐斯觀景餐廳,提供一種新形態預約制的美食饗宴，無論是法式料理、義式法理、鐵板料理，法嵐斯融合了各個國家的美食，給予您全新的無國界創意餐點，而如果您事先預約，更能為您量身訂作您所需要的餐點，以符合您個人的獨特口味。,臺南市中西區開山路61號,886-6-2222972,週一~週日11:30~15:00(午餐)、14:30~17:40(下午茶)、18:00~22:00(晚餐),120.206632,22.990545,01,2012/09/26 12:00:00
f_107,C3_395000000A_000107,永恆天詩,"纖活蔬食沙拉吧 ALL YOU CAN EAT 
烘培師傅每天親自純手工製作的愛心甜點 
Haagen-Dazs 冰淇淋（無限量供應） 
另有：義式焗烤‧風味火鍋‧下午時段溫暖供應中！",臺南市安平區永華路二段812號,886-6-2935001,週一~週五11：30~21：00、假日08：30~21：30,120.169083,22.991556,05,2012/09/26 12:00:00
f_108,C3_395000000A_000108,林永泰興蜜餞,"安平區延平街擁有300餘年歷史，台灣第一街存在著另一個第一「林永泰興蜜餞行」,實際店史超過130年。由於本店用料實在，漬料以砂糖、蜂蜜、甘草粉、特配香料為主，製作技術熟巧，口碑愈來愈好，曾被市府頒發「優良百年老店」。 ",臺南市安平區延平街84號,886-6-2259041,週一~週日10：30~21：00,120.162948,23.000689,07,2012/09/26 12:00:00
f_109,C3_395000000A_000109,富霖餐廳,富霖餐廳提供結婚喜宴、商務會議、宴請賓客、商品發表、春酒尾牙、謝師宴等場地，地理位置好找，且提供專用停車空間，讓來此用餐的客人免去找停車位的麻煩。,臺南市安平區永華路二段551號,886-6-2937299,週一~週日09：30~14：00、17：00~21：00,120.177454,22.990061,03,2012/09/26 12:00:00
f_110,C3_395000000A_000110,家興食品企業社,何謂豬蹄花：“軟嫩滑Q有彈性、富含膠質”的養生聖品就是它的代名詞，西井村滷味特地嚴選CAS認證彈性最佳的豬前腿肉來做為它的食材，完全不加一滴醬油、不含防腐劑，獨樹一幟的蜂蜜口味，將震撼您的感官觸動您的味覺！,臺南市安平區安平路418號,886-6-2478866,週一~週日10：30~21：30,120.174286,22.998207,06,2012/09/26 12:00:00
f_111,C3_395000000A_000111,安平貴記美食文化館,鼎邊趖，材料是以舊米磨成米漿後將水份濾乾成粉狀再調水成稠狀，沿火熱的大鍋邊緣慢慢注入趖下而成薄皮，涼乾後切成小片配以鮮蚵仔、金針、木耳、筍絲、魷魚絲及魚骨熬成的高湯同煮，便是一道滑溜順口風味獨特的小吃。 ,臺南市安平區延平街93號,886-6-2229794,週一~週日11：00~20：00,120.162467,23.000674,07,2012/09/26 12:00:00
f_112,C3_395000000A_000112,安平老街蜜餞食品行(番王伯),本甕內裝之梅子含豐富蛋白質、鈣、磷、鐵、鈉、錳等元素較其他水果高出甚多。梅子果實更是一種天然機能性的食品，梅子雖酸味，但在體內經消化吸收後會形成帶鹼性物質，使人體血液保持中性至微鹼性；梅子可以預防食物腐敗，經常食用梅子可以增加食慾、消除疲勞、防止老化、保持身體健康。故為現代人之最佳食品。,臺南市安平區安平路392號,886-6-3583688,週一~週日10：00~22：00,120.175181,22.998252,07,2012/09/26 12:00:00
f_113,C3_395000000A_000113,周氏蝦捲(總店),"周氏蝦捲特選豬腹膜作為包裹蝦捲的外皮，經高溫油炸後，原先分布在腹膜上的油脂溶化，滲入內餡，使得周氏蝦捲嚐起來格外鮮嫩多汁，香味四溢。 
另外，本店特製的裹粉，則是周家研製多年的祖傳配方，油炸後皮薄酥脆，即使放至一段時間，也不易變軟或變硬，完美保留蝦捲的美味口感。",臺南市安平區安平路408-1號,886-6-2801304,週一~週日10：00~22：00,120.174720,22.998239,07,2012/09/26 12:00:00
f_114,C3_395000000A_000114,小葉布丁(千葉利麵包坊),採新鮮CAS白選蛋，台糖特級細砂糖，馬達加斯加產香草，國產(高乳脂肪)牛奶，白蘭地酒，經過烘烤，自然凝結，口感更為香濃，推薦給喜歡有彈性，口感紮實的饕客們。,臺南市安平區平通路421-1號,886-6-2978800,週一~週日12：00~21：00,120.174408,22.993073,05,2012/09/26 12:00:00
f_115,C3_395000000A_000115,法頌法式料理紅酒會館,台南唯一的觀景餐廳，面積200坪，地中海西班牙式庭院建築風格，面對40公頃水鳥生態保護區及台南市都市夜晚的燈景，舒適悠閒的用餐環境以及遠離都市的煩躁，放鬆心情融入自然的美景享受頂級的食材高貴而不貴，歡迎您的蒞臨。,臺南市安南區本田路二段157號,886-6-3842929,週一~週日10：30~23：00,120.141752,23.031552,01,2012/09/26 12:00:00
f_116,C3_395000000A_000116,桂手工水餃店,始終堅持採用口感較好的本地梨山高麗菜，絕不因成本高而改用進口高麗菜；豬肉嚴選上等後腿肉、五花肉，所有食材都有固定合作廠商，每日新鮮進貨。獨家鮮蝦水餃、花枝水餃，內包整大隻新鮮蝦仁，整大塊新鮮花枝，使用特大號水餃皮，體積是一般市售水餃2倍大。,臺南市安南區國安街68號,886-6-3584270,週一~週日08：00~21：00,120.189933,23.022636,03,2012/09/26 12:00:00
f_117,C3_395000000A_000117,明新食品-安南店,"明新食品初創於民國51年，在成功大學及台南一中學區附近成立明新食品行（現長榮路、東寧路口），係屬一販售民生用品之雜貨店，負責人許俊雄先生（現任董事長）鑒於西點麵包將改變國人飲食習慣，以極具前瞻性的眼光前往台北南港烘焙學校 （現中華穀類研究所）學習烘焙相關知識及技術，將雜貨店逐漸轉型為西點麵包專賣店，伴隨台南市東區之發展於民國78年正式改組成立「明新食品企業股份有限公司」。 
自民國79年於東寧路底及小東路成立第二、三家分店起，迄今共有十家門市，四十年來在南部地區已是頗具知名度之糕餅公司。主力產品為麵包、蛋糕、中西式囍餅及府城名產禮盒等糕餅。 ",臺南市安南區海佃路一段52號,886-6-2803775,週一~週五13:00~22:00/週六、日10:00~22:00,120.192379,23.021206,05,2012/09/26 12:00:00
f_118,C3_395000000A_000118,四季味湯包食堂,位於安和路一段上 ，在一間耳鼻喉科的旁邊，熱賣的商品有：鮮肉湯包、蝦仁蒸餃、手工豬肉水餃、麵類方面有：原汁牛肉麵、現炸排骨麵、汕頭乾麵等等。,臺南市安南區安和路一段57號,886-6-2833217,週一~週日10：00~21：00,120.214860,23.027131,03,2012/09/26 12:00:00
f_119,C3_395000000A_000119,阿銘鱔魚麵,"根據漢藥草記載，鱔魚含有豐富的鐵質和鈣質，頗有補血、強身的作用。所以很受青、壯年人的喜愛。本店已在台南開業十多年了，店內賣的不只有鱔魚、花枝、活魷魚，另有麻油腰只，因店面離台南成大醫院很近，故麻油腰只也成了許多產婦的最佳補品。 
炒鱔魚好吃的絕活：新鮮的鱔魚、大火快炒的技巧、火候的拿捏及調味料的搭配是好吃的四大拿手絕活。 
鱔魚的作法：先爆香蒜頭、洋蔥再放入鱔魚快炒，再加入烏醋、高湯、鹽、米酒等調味料，大火快炒至熟即可起鍋食用，再配合香Q滑潤的意麵，嚐一口真是夠味，一碗貨真價實的鱔魚意麵，只賣70元喔！要嚐鮮手腳要快喔！",臺南市北區開元路192號,886-6-2353847,週一~週日17：00~02：00,120.220366,23.007310,07,2012/09/26 12:00:00
f_120,C3_395000000A_000120,億達食品企業有限公司,採用台灣台南特選金鑽17號鳳梨與純麥芽，保留湯汁，經5小時熬煮而成的純鳳梨醬，富含纖維及果香，自然回甘，未經人工漂白，果肉呈現暗褐色纖維。,臺南市永康區環工路15號之3,886-6-2012853,週一~週日08：00~17：30,120.274367,23.047991,06,2012/09/26 12:00:00
f_121,C3_395000000A_000121,王吉生水果餅,"水果餅的內餡含有水果果醬和綜合果汁，因此稱為水果餅。然而不同的店家會有不同的作法，像是較現代化的西點餅坊會採用橘子皮和水果果汁，但口味都是差不多的，也一定會放入和水果有關的東西。在當地也會把它稱作水餅。 
古早的水果餅和現在的水果餅成分不太相同。傳統式的水果餅成分為高筋麵粉、素食油、蕃薯泥、麥壽膏、水果原汁、特 砂糖。沒有外加防腐劑，因此保存的時間較短；現代的水果餅口味較符合一般年輕人，主要的原料是橘子皮、水果果汁、麵粉。另外在包裝外袋放入防腐劑，增加保存時間。",臺南市永康區富強路一段318號,886-6-2712574,平常沒有營業，過節或訂做才製作,120.275438,23.019982,05,2012/09/26 12:00:00
f_122,C3_395000000A_000122,喜多鄉味(永康大廟前菜肉粽),月桃葉特殊香味，聞起來令人食指大動，香Q的米粒，與精選的上肉爆香料，肉粽的好滋味令人垂涎。遵古製法的碗粿，口感綿密，搭配精製肉燥，傳統美味一一湧現。,臺南市永康區中山北路50號,886-6-2042658,週一~週日05：00~12：00,120.258577,23.026104,07,2012/09/26 12:00:00
f_123,C3_395000000A_000123,阿珍阿麗花生糖,永康區大灣賣的花生糖口味最特殊，有別於硬梆梆的花生糖。 大灣花生糖是永康最具代表性的特產，口味有多種，花生酥、花生糖 ，甜Ｑ不沾牙，外軟內脆，愈嚼愈香甜。純手工製作的花生糖，在材料選擇上是未曝曬新鮮或煮熟的花生，糖的主要原料是低甜度的麥芽 糖和上選砂糖，用爐火煮一百分鐘，且必須不停的攪拌，等它冷卻後再自然風乾，切片包裝後即是風味十足的花生糖。,臺南市永康區民族路328號,886-6-2713886,,120.267540,23.007539,07,2012/09/26 12:00:00
f_124,C3_395000000A_000124,阿茂阿豪花生糖,永康區大灣賣的花生糖口味最特殊，有別於硬梆梆的花生糖。 大灣花生糖是永康最具代表性的特產，口味有多種，花生酥、花生糖 ，甜Ｑ不沾牙，外軟內脆，愈嚼愈香甜。純手工製作的花生糖，在材料選擇上是未曝曬新鮮或煮熟的花生，糖的主要原料是低甜度的麥芽 糖和上選砂糖，用爐火煮一百分鐘，且必須不停的攪拌，等它冷卻後再自然風乾，切片包裝後即是風味十足的花生糖。,臺南市永康區民族路320號,886-6-2726332,,120.267628,23.007516,07,2012/09/26 12:00:00
f_125,C3_395000000A_000125,進福阿梅大灣名產花生糖,永康區大灣賣的花生糖口味最特殊，有別於硬梆梆的花生糖。 大灣花生糖是永康最具代表性的特產，口味有多種，花生酥、花生糖 ，甜Ｑ不沾牙，外軟內脆，愈嚼愈香甜。純手工製作的花生糖，在材料選擇上是未曝曬新鮮或煮熟的花生，糖的主要原料是低甜度的麥芽 糖和上選砂糖，用爐火煮一百分鐘，且必須不停的攪拌，等它冷卻後再自然風乾，切片包裝後即是風味十足的花生糖。,臺南市永康區民族路393號,886-6-2715969,週一~週日08：00~22：00,120.266883,23.007594,07,2012/09/26 12:00:00
f_126,C3_395000000A_000126,大灣粿仔,由於「粿仔」的製法特殊，口味大眾化，立刻抓住食客的胃口，很快地打出知名度來，口耳相傳成為大灣地區特色小吃。,臺南市永康區大灣路241巷5號前(大灣市場內),886-6-2716475,週一~週日14：30~18：30,120.267885,23.006559,03,2012/09/26 12:00:00
f_127,C3_395000000A_000127,施家羊肉,施家羊肉在歸仁公有市場內經營四十多年，屬於老字號的小吃攤，提供的羊肉料理種類單純，肉質鮮美且份量十足，店內招牌的當歸羊肉湯，湯頭特殊，濃郁的湯頭更是以多種漢藥合成的獨家配方加以熬煮，入口甘甜，不油不澀，是廣受顧客喜愛的大眾口味，另以傳統材料烹調的羊肉麵線、米粉、炒飯等料理也頗受歡迎，施家羊肉攤曾於民國九十七年獲南瀛美食認證，並獲選為經濟部的台灣市集大師，被認為是「名攤之光」，99年〉底再獲經濟部三星級的樂活市集名攤，是前台南縣唯一的三星級市集名攤，展現老字號羊肉攤的實力。,臺南市歸仁區公有零售市場G25攤位,886-6-2305563,週一~週日06：00~13：00,120.296318,22.966173,03,2012/09/26 12:00:00
f_128,C3_395000000A_000128,謝清受蚵仔粥,「蚵仔粥」應是海口地方的特色小吃，但在歸仁市場內有家「蚵仔粥」，卻有近五十年的販賣歷史，一直為歸仁鄉親所讚賞，那就是「謝清受蚵仔粥」 。 ,臺南市歸仁區歸仁市場內G16、17攤位,886-6-2304101,週一~週日06：00~12：00,120.296318,22.966173,07,2012/09/26 12:00:00
f_129,C3_395000000A_000129,米粉雪米粉炒,將人人都會炒的米粉炒，烹調出口味特殊，卻合乎一般大眾口味的米粉炒，幾乎每天早上一開市，立刻圍滿了現吃或外帶的鄉親。,臺南市歸仁區歸仁市場G7攤位,886-6-2304479,週一~週日06：00~12：00,120.296318,22.966173,03,2012/09/26 12:00:00
f_130,C3_395000000A_000130,銘記煎粿,銘記煎粿仔之所以受鄉親喜愛，經濟實惠是原因，吃個飽所費不多。尤其黃老闆堅持依循古法製作，口味道地，粿香迷人，既不含硼砂，也不放防腐劑，令人吃安心，才是令鄉親抗拒不了誘惑的主因。,臺南市歸仁區歸仁市場G8攤位,886-6-2303755,週一~週日05:30~12:00/售完為止,120.296318,22.966173,03,2012/09/26 12:00:00
f_131,C3_395000000A_000131,泰香餅舖,新化老街上也有幾間老字號商店，其中最出名的就是泰香餅舖(中正路431號)，以糯米粉為外皮，內包甘藷、桔子汁、麥芽糖製成的水果餅，以及塗抹黑糖、麥芽糖的月子餅是店中的兩大招牌，皮薄餅脆，內餡甜度適中，口味很好，是其他地方沒看過的獨賣商品，不妨嚐嚐。*巴洛克建築60年*第二代經營，至今60幾年（第一代由叔叔經營）*水果餅又稱鎮餅：早期稱（水餅）*水餅的由來：新化區市民只要有生兒子的，都會在隔年1/20，2/15，2/22，4/15，其中一天（依每個村莊而不同）做紅饅頭敬謝神明可是紅饅頭存放時間不長，後來才改成用水餅謝神然後分送給左鄰右舍，親朋好友。*水果餅的由來：第一代由叔叔經營做的是（水餅），老闆從小跟著叔叔做餅，後來老闆認為現代人注重養生，口味越來越清淡，才重新研發加入桔子果汁及甘藷，而且水果餅存放時間較長，無防腐劑可放一星期，主要材料又有新化三寶之一的蕃薯，所以被當成新化區的『區餅』。,臺南市新化區中正路431號,886-6-5906688,週一~週日08：00~21：00,120.308025,23.035584,06,2012/09/26 12:00:00
f_132,C3_395000000A_000132,新化老街家傳古早味豆花,新化老街家傳古早味豆花店老闆蔡家承，原本做廣告招牌，月入數十萬元，在經濟不景氣中面臨失業危機，學習老丈人的傳統豆花手藝，重新創業成功，3年來成了老街的人氣店。,臺南市新化區中正路433號,886-6-5904921,週一~週日10：00~22：00/週四公休,120.308014,23.035629,05,2012/09/26 12:00:00
f_133,C3_395000000A_000133,大坑農場竹筍餐,龍崎區以盛產竹筍聞名南瀛，而大坑農場種有大量竹子。領有廚師執照的老闆娘陳玉女決定就地取材，以竹筍為素材，開發竹筍系列食譜，以饗遊客。在開發的十多項竹筍料理中以竹筍蒸飯、炸竹筍捲及竹筍雞湯最具特色，清甜鮮美可口，大坑農場為一休閒農場，佔地約五公頃多，內有親子、休閒活動設施，門票全票一百五十元，半票一百元。但蔡老闆表示：只要每人消費達三百元以上，入門票便全額退回，仍可暢玩農場內所有設施。,臺南市新化區大坑里82號,886-6-5941555,週一~週日08：00~20：00,120.390001,23.009923,03,2012/09/26 12:00:00
f_134,C3_395000000A_000134,一心羊肉店燻羊肉,新化區大坑里山區的養羊人家，每屆秋冬，均有「燻補」的習慣。「燻補」就是用山羊與漢藥材燻製而成的「燻羊肉」，具補血、強身的療效。由於社會變遷及生活環境的改變，大坑山區「燻補」已不盛行，而燻製法亦逐漸失傳，唯一心羊肉店仍保留古法，嘉惠廣大客戶。 「一心羊肉店」販賣項目有當歸羊肉、麵線羊肉、麵線拌羊油、炒羊肉、羊肉湯等，與一般羊肉店並無二致，然獨一無二燻製古風推出後，立即造成轟動，大家口耳相傳的結果，食客絡繹不絕於途，「燻羊肉」一躍而成為新化地區的特色小吃。,臺南市新化區中興路810號,886-6-5900421,週一~週日10：00~14：00、17：00~24：00,120.309437,23.034597,03,2012/09/26 12:00:00
f_135,C3_395000000A_000135,新化冰烤地瓜(瓜瓜園),新化區位於北迴歸線以南，農產資源豐富，其中又以地瓜、竹筍及鳳梨最為出名，新化區公所將這三項農產品定名為「新化三寶」。地瓜早期多為飼料用，新化地區因氣候、地質、農民技術等條件佳。新化區農會為重振「地瓜王國」雄風，16年前輔導農民成立食用甘藷產銷班，打出「瓜瓜園」甘薯美食農業品牌，從單一薯條材料衍生出近廿種產品，包括保留傳統鄉土味，又多了便利性的冰烤地瓜，入口香Ｑ鬆軟，冰吃或熱吃都令人回味無窮，加牛奶更是早餐絕配，是最暢銷的產品。還有可以吃到顆粒及地瓜原味的蕃薯冰棒、黃金甘藷丸、蕃薯竹筍包、珍珠丸、黑金蕃薯、地瓜酥、脆片等產品，樣樣都令人愛不釋手，不僅讓地瓜與健康、美味劃上等號，也讓「瓜瓜園」成為地瓜的代名詞。,臺南市新化區中正路127巷35號,886-6-5902803,週一~週日11：00~21：00,120.306819,23.027148,03,2012/09/26 12:00:00
f_136,C3_395000000A_000136,東發號肉粿仔,東發號肉粿仔，以精選再來米蕃薯粉等作成粿皮，包以絞肉、蔥酥及調味料等內餡，以傳統蒸籠炊熟，成為香噴可口肉粿。另亦販賣米糕、肉羹，頗受歡迎。,臺南市新化區信義街239號(新化市場內),886-6-5907027 ,週一~週日07：00~12：00,120.307937,23.034861,07,2012/09/26 12:00:00
f_137,C3_395000000A_000137,詹家水餃,手工水餃及各式餃類（蒸餃、牛肉湯餃、酸辣湯餃）等，皮Q滑餡美味，令人難忘。,臺南市新化區中正路363號,886-6-5904737,週一~週日11：00~20：00,120.308289,23.034485,03,2012/09/26 12:00:00
f_138,C3_395000000A_000138,崙頂仔肉粿,崙頂肉粿傳了三代90年的悠久歷史，傳統古早古法製成的肉粿仔，入口柔滑好滋味，再加上獨家特製的醬料，美味可口。,臺南市新化區崙頂里崙頂市場,886-982-586383,週二~週日06：00~12：00/週一公休,120.285834,23.021188,07,2012/09/26 12:00:00
f_139,C3_395000000A_000139,米糕福仔米糕,「米糕福仔」─李春福，原是麻豆人，到玉井賣米糕有段傳奇故事！其米糕香Q可口，亦賣多種湯類，「排骨酥湯」口味獨特，頗受好評。,臺南市玉井區中華路44號,886-6-5741788,週一~週日18：00~01：00,120.462206,23.123805,03,2012/09/26 12:00:00
f_140,C3_395000000A_000140,老牛伯豬血店,「老牛伯豬血店」賣豬血湯、炒米粉、粉腸、水晶豬皮等傳統小吃，及獨家創製的「豬肺粿」，因製作過程費時費工，每天製作數量有限，想一嘗玉井「豬肺粿」獨特風味的食客，動作不快常只能望攤興嘆呢！,臺南市玉井區中正路100巷30號,886-6-5743521,週一~週日05：30~13：30,120.461984,23.123921,03,2012/09/26 12:00:00
f_141,C3_395000000A_000141,山龍亭蛇肉湯,山龍亭蛇肉店的生意一直鼎盛。但很有保育概念的老闆則堅持以南蛇、臭青母等非保育蛇類來烹煮。由於保育概念的提升，蛇肉店已越來越少了，至今全台南市蛇肉店僅此一家，想嚐蛇鮮的顧客，請到玉井區山龍亭蛇肉店來。,臺南市玉井區望明里劉陳32號,886-6-5743968,週一~週日09：00~20：00,120.447749,23.105128,03,2012/09/26 12:00:00
f_142,C3_395000000A_000142,玉井之門食品行,精選南台灣種植的愛文芒果、原生種芒果(土芒果)、鳳梨、芭樂、楊桃以傳統烘焙並保有水果自然風味的方式製成果乾，無任何化學添加並經國際公正單位SGS認證，讓果乾也可以變得很健康。,臺南市楠西區茄拔路125號,886-6-5755918,週一~週日09：00~19：00,120.484679,23.175625,07,2012/09/26 12:00:00
f_143,C3_395000000A_000143,梅嶺福來梅子雞餐廳,"位於梅嶺水火洞旁，附近有大片百年老梅園，擁有絕佳之視野，梅花季賞梅好去處，果園開放採果，4月採梅，8月採龍眼，12月採仙桃。另闢登山步道、卡拉OK、泡茶區、庭園咖啡區、兒童遊樂區，可設席70桌以上，遊覽車合菜1500元起，梅子大餐、山土雞料理、山產、山菜，歡迎團體旅遊用餐。 
* 本店梅子雞榮獲84年及87年度優良評鑑金牌獎。 
每年4月中旬~5月中旬為螢火蟲季，每日下午6點半~9點半可觀賞到成千上萬的螢火蟲。",臺南市楠西區灣丘里香蕉山32-3號,886-6-5753966,週一~週日10：00~22：00,120.556637,23.188160,03,2012/09/26 12:00:00
f_144,C3_395000000A_000144,果農之家,於1996成立『果農之家』，其主要目的，集果農於一體共同銷售及推廣，各式當令水果之另類餐點，也希望借由『果農之家』之成立，可以拉近生產者與消費者的關係，更進一步提供除了水果全餐外，讓遊客可以嚐到果樹上成熟之後採下的時令水果，希望未來能提供消費者一個可以集休閒、美食於一體的果農之家。,臺南市楠西區密枝里密枝6號,886-6-5750035,週一~週日11：00~20：00,120.512493,23.199654,03,2012/09/26 12:00:00
f_145,C3_395000000A_000145,大眾飲食部,在林立的餐廳中，大眾飲食部特別一支獨秀，因為它位居梅嶺最高處，景觀極佳，而店內所推出的梅子料理，則包含了梅子蝦球、甘草梅子雞、梅子雞火鍋等多樣風味，其中尤以招牌梅子雞，不但入口肉質鮮美，梅子香氣還陣陣襲來，人氣最旺。店家亦同步提供民宿及溫泉室、兒童遊戲區等休閒設施，很適合周休二日全家出遊。,臺南市楠西區灣丘里香蕉山32號,886-6-5752598,週一~週日08：00~22：00,120.560188,23.184142,03,2012/09/26 12:00:00
f_146,C3_395000000A_000146,太山梅子雞,台南市楠西區梅嶺聞名全台，每屆梅花盛開時，梅嶺擠滿了來自全台各地的賞梅人潮，大家欣賞了滿山遍野浪漫開放的梅花後，也都不忘品嚐梅嶺的特色小吃～梅子雞，吃過梅子雞的人，由於口味特殊酸中帶甜，令人口舌生津，齒頰留香的好滋味，立刻吸引大批人潮一吃為快，因此造成賞梅期間，山上人潮絡繹不絕，就是非賞悔期間，仍有大批食客，專程驅車前來品嚐「梅子雞」的特殊風味。,臺南市楠西區灣丘里香蕉山4號,886-6-5751931,週一~週五10:00~20:00/週六、日08:00~22:00,120.535587,23.183618,03,2012/09/26 12:00:00
f_147,C3_395000000A_000147,椰子林土雞城椰子雞,原是建築師的陳水旺先生退出建築界後，回到南化區中坑里老家幫太太養雞牧羊。但卻值雞羊價格低迷不振，為減少中間剝削，而思自產自銷，因而在中坑里山坡地上開設餐廳。因中坑里附近椰子樹遍佈，而餐廳又開設在椰影婆娑的椰林中，因而取名「椰子林土雞城」。 雖名「土雞城」，卻沒一般「土雞城」清一色全以雞肉為主菜，而是就地取材，開發出「椰子雞」、「南瓜米粉」及「涮羊肉」三道特色小吃，並聞名南化地區，不僅前縣長陳唐山曾來品嚐，多位立委、國代、前鄉長及區公所職員亦常在此招待朋友，連外國旅客亦讚不絕口。,臺南市南化區中坑里中坑74-4號,886-6-5773145,週一~週日10：00~21：00,120.453021,23.051333,03,2012/09/26 12:00:00
f_148,C3_395000000A_000148,二空里長涼麵,「二空新村」涼麵聞名遐邇，許多外地人特地前來品嚐，張家涼麵除了涼麵口感佳、有特色、口碑好，所賣的「麵皮」亦非常搶手。,臺南市仁德區保華路14號,886-6-3352873,週一~週日05：30~13：00,120.227146,22.959401,03,2012/09/26 12:00:00
f_149,C3_395000000A_000149,太子廟金光麵,每當熱鼎翻炒佐料時，火舌竄上鼎面數尺高，蔚為奇觀，當地人便套上布袋戲的台詞，稱「金光麵」。「金光麵」做法特殊，口味出眾，是仁德區的特色小吃。超過一甲子的悠長歲月。金光麵那份酸甜適中的滋味，令食客齒頰留香，懷想不已的。,臺南市仁德區太子路324號,886-6-2727915,週一~週日07：00~20：00,120.258192,22.991424,03,2012/09/26 12:00:00
f_150,C3_395000000A_000150,牛稠埔肉粽,關廟北花村附近從前經常有水牛聚集，舊名牛稠埔。此處竹林遍布，筍農晨起挖筍前最貼心的早點，便是飄香半世紀的「憨仔肉粽」！憨仔肉粽是道地南部粽，內餡有蛋黃、土豆仁、豬肉塊和花生粉，粽葉選用清香無比的月桃葉，而糯米則由彰化一帶生產，周美惠說那裡土壤適合糯米，米最Q最香。從裡到外嚴格品管食材，是肉粽美味的第一步，加上數十年烹調經驗，即使沒有招牌，仍是關廟人趨之若鶩的家鄉味。,臺南市關廟區中正路168號,886-6-5951860,週一~週日06：00~12：00,120.350221,22.968225,07,2012/09/26 12:00:00
f_151,C3_395000000A_000151,川仔滷麵,道地的關廟魯麵、各式滷味口感獨特，風味十足。老店新手法：以創新、精緻的手法，將關廟魯麵和地方特色料理重新詮釋，朝向少鹽低油零負擔豐富的健康美味，兼俱色彩亮麗視覺美感。,臺南市關廟區南雄路一段489號旁(東興路與南雄路口),886-6-5951387,週一~週日05：30~13：30,120.329196,22.955437,03,2012/09/26 12:00:00
f_152,C3_395000000A_000152,阿輝土雞城鳳梨苦瓜雞,阿輝土雞城鳳梨苦瓜雞的作法是將整天熬煮著的豬大骨高湯，舀至鼎中，放進土雞肉、自己醃製的鳳梨、蔭醬、苦瓜、文蛤及調味料，煮約5-10分鐘後起鍋，裝在小鍋中，上桌置於爐上，再以小火熬滾著，邊吃邊煮，那甜、甘、酸、香的滋味，令人齒頰留香。阿輝土雞城除鳳梨苦瓜雞名聞遐邇外，鹽焗雞及蜜汁雞亦很有口碑。,臺南市關廟區中正路20巷1號,886-6-5959922,週一~週日11：00~02：00,120.355136,22.969259,03,2012/09/26 12:00:00
f_153,C3_395000000A_000153,克義小吃,粿仔以米為主要材料，將米磨成米將加水和蕃薯粉加熱攪拌，以小碟子當模子，將加熱過的米漿糊倒入，中間放炒過的香菇、肉燥或鮪魚餡，上層再以米漿糊覆蓋，冷卻的就是粿仔。食用時，用熱油煎粿，再加個蛋，就是美味可口的關廟米粿。,臺南市關廟區關廟零售市場內,886-6-5960292,週一~週日06：00~12：00,120.327128,22.961542,03,2012/09/26 12:00:00
f_154,C3_395000000A_000154,關廟大滷麵,大滷麵是台南市關廟區的特色小吃，走進關廟街仔的每家小吃店或麵攤，都有大滷麵的販賣，且家家生意均不惡。位於南雄路與東興路交叉口的麵攤吳老闆客氣表示：大滷麵的好吃不在烹調技術上，而在麵本身，關廟大滷麵採用當地生產的「關廟麵」來烹煮，「關廟麵」因採用傳統烈日自然烘乾法製造，故保存傳統麵條特有香Q、彈性及耐煮不糊爛的特色，最適合烹製成著名的「關廟大滷麵」，這麵店既無店名，又沒招牌，但南來北往的行人都知道這家麵攤的大滷麵口味最道地，也均會聞香下馬的吃上一兩碗再上路，是老饕們不過錯過的地方。,臺南市關廟區東安街43號,886-6-5953805,週一~週日07：00~22：00,120.331431,22.957927,03,2012/09/26 12:00:00
f_155,C3_395000000A_000155,乙旺滷麵,已有60年歷史的乙旺滷麵，以蔥頭、香菇、蝦米、豬肉、蒜頭爆香，加入關廟麵和肉羹、並以蕃薯粉芶芡，加蒜末及香菜，麵條香Q有勁風味十足。,臺南市關廟區關廟零售市場內,886-6-5963234,週一~週五06:00~13:00/週六、日6:00~14:00,120.327128,22.961542,03,2012/09/26 12:00:00
f_156,C3_395000000A_000156,新埔米粿,再來米磨碎精製外皮，包裹豬肉、鮪魚、混合內餡，熱煎至金黃色，搭配鯖魚拌煮之特殊醬料，來關廟記得來嚐嚐這道難忘的在地好味。,臺南市關廟區中山路二段26號,886-6-5961310,週二~週日06：00~13：00/週一公休,120.327416,22.960075,07,2012/09/26 12:00:00
f_157,C3_395000000A_000157,二鎮鴨肉大王,"二鎮鴨肉大王的老闆李明宗，原本為雞農，但有感於雞販的操縱雞價，並從中剝削，雞農所賺有限，如逢價格低迷時，則血本無歸，因而毅然放棄從事多年的養雞業，而改行販賣小吃。對於小吃外行的李明宗，有親戚在鳳山區販售鴨肉麵等小吃，李明宗專程前往學習，在親戚的傾囊授受下，李明宗習得鴨肉麵的製作技巧，返鄉在二鎮現址掛牌「鴨肉大王」，開始鴨肉麵食的販賣生涯。 
二鎮鴨肉大王以販賣鴨肉、鴨腸及鴨肉冬粉、鴨肉麵為主。鴨肉大王的鴨肉，係採用生長六十五天至七十天的土番鴨，處理後浸料在鼎中烤乾，由於鼎中不放水，火候全靠功夫。鴨腸香脆可口，且數量有限，上門食客均會點食，因此每天供不應求。",臺南市官田區二鎮里二鎮97號,886-6-6980195,週一~週日08：00~12：00,120.330824,23.214828,03,2012/09/26 12:00:00
f_158,C3_395000000A_000158,凱旋餐廳,民國八十六年，官田區農會為了替菱角注入新生命，結合鄉內人文，歷史文化，於十月五日至十月十二日舉辦第一屆官田菱角節，同時推出「菱角大餐」，以辦桌方式接受外界訂桌，並將桌席辦於葫蘆埤畔。活動期間共湧入五萬多的人潮，「菱角大餐」名響全台。,臺南市官田區三結義41號之1,886-6-5792163,週一~週日11:00~14:00、17:00~21:00,120.312095,23.206897,03,2012/09/26 12:00:00
f_159,C3_395000000A_000159,大華水餃,創業於民國44年，店內純手工的水餃，採用後腿肉及三層肉混合絞碎，加醬油、蒜頭攪拌後，加入切細的高麗菜與韭菜拌勻，加入香油、糖等，外皮軟滑有勁，內餡香甜爽口，再配碗特製酸辣湯，真是人間美味。,臺南市官田區勝利路182號,886-6-5791195,週一~週六11:00~14:00、17:00~21:00/周日公休,120.317993,23.196513,03,2012/09/26 12:00:00
f_160,C3_395000000A_000160,麻豆井仔蚵嗲古早冰,井仔蚵嗲是將大豆磨成粉，加水、味素、鹽攪拌備用，炸製時先塗豆粉於蚵嗲煎仔上，放上拌勻的佐料及蚵仔，再塗豆粉於其上，放進油鍋中炸到色澤金黃、蚵香四溢為止，之後即可切塊裝盤，蘸番茄醬或自製豆油膏食用。流傳至第三代的井仔蚵嗲如今由其孫媳婦掌廚，由於慕名而來的客人川流不息，而炸蚵嗲又需細心「看護」，以免一不留神炸過頭，可見好料理需製作者專注食材的調配與烹飪製作，美味才能不打折扣。如今到麻豆遊玩，當地人除了以文旦為傲、以碗粿為招牌，即使再難停車，建議你還是別錯過中央市場內井仔蚵嗲的「季節限定美味」！,臺南市麻豆區中正路29號(中央市場內),886-6-5727193,週一~週日07:00~19:00/夏季改賣傳統冰，每年從10月10日開市，賣到隔年3月底,120.248673,23.184669,07,2012/09/26 12:00:00
f_161,C3_395000000A_000161,德春米糕,德春米糕肉燥的製作是精選牙頭肉切塊，加蒜頭爆香，淋上醬油及清水，以文火煮熟，放入少許黑糖及調味料製成。老師傅傳承的古老手藝，絕對不同凡響。,臺南市麻豆區中正路與忠孝路口(麻豆區第三市場內),886-6-5722084,週二~週日13:00~20:00/週一休,120.248829,23.185441,07,2012/09/26 12:00:00
f_162,C3_395000000A_000162,阿蘭碗粿,阿蘭碗粿從選米、淘米、研磨、下料、炊煮等均需要經過嚴格的品質管制，貨真價實，用料實在，碗粿裡有著香菇、蛋黃等內料，淋上特製醬油，再配上一碗熱騰騰的湯，保證讓您回味無窮。,臺南市麻豆區中山路179-8號,886-6-5724035,週一~週日06：30~20：30,120.241405,23.184725,07,2012/09/26 12:00:00
f_163,C3_395000000A_000163,炎山碗粿,炎山碗粿的粿體紮實有彈性又不失軟嫩，製作過程中加入不少油蔥末，食用時搭配醬汁跟蒜末調味，口感更是多層次的美味。,臺南市麻豆區三民路9-10號,886-6-5719100,週一~週日05：30~售完為止,120.245875,23.183194,07,2012/09/26 12:00:00
f_164,C3_395000000A_000164,樂腳林草魚粥,草魚粥選用新鮮草魚製作，味道鮮美、口味道地，是難忘的好味道。,臺南市麻豆區三民路80號,886-6-5726512,週一~週日06：00~12：00,120.245767,23.179777,03,2012/09/26 12:00:00
f_165,C3_395000000A_000165,樹粿坊碗稞,樹粿坊碗粿是麻豆地區最早的批發商，秉持著30多年三代家傳手藝的做法，呈現出麻豆傳統味。純在來米製作，佐以特製滷汁醬料，口味獨特。堅持鮮做現賣、注重衛生、提供親切舒適用餐環境與服務，還有低溫宅配服務美味送到家。,臺南市麻豆區小埤里苓子林1-10號,886-6-5711898,週一~週日09：00~17：00,120.236751,23.183313,07,2012/09/26 12:00:00
f_166,C3_395000000A_000166,裕益碗粿王,裕益碗粿從選米、磨漿、做料、炊蒸無不講究，選料更是不容馬虎，炊蒸時候，加入豐富的餡料香菇、蛋、肉、蔥酥等，每個碗粿也都是經過手工製作，淋在碗粿上頭的醬汁更是碗粿好吃的靈魂所在，加一點蒜泥，風味絕佳。,臺南市麻豆區麻口里麻豆口10-6號,886-6-5702687,週一~週日08：30~19：00,120.223017,23.177870,07,2012/09/26 12:00:00
f_167,C3_395000000A_000167,阿港伯米苔目,阿港伯質地柔軟、富彈性的米苔目，加上蚵仔、虱目魚、各式海鮮類，鮮美好滋味，加韭菜、肉燥，芳香爽口，滿足大眾口味，走過近半世紀的歲月，是麻豆在地有名傳統特色小吃。,臺南市麻豆區新生南路3號,886-6-5713260,週一~週日06：00~14：30,120.241276,23.184548,03,2012/09/26 12:00:00
f_168,C3_395000000A_000168,助仔碗粿,60年代紅花瓷碗盛著的助仔碗粿，散發濃濃古早味。助仔碗粿製作材料包含肉燥、蛋黃及香菇，樸實外表吃來卻有悠然溫馨的味道。軟密中佈有細細肉末、融入其中的紅蔥頭，軟Q碗粿，伴著陣陣肉燥香，在地好味道。,臺南市麻豆區中正路29號(中央市場大門口三角窗),886-6-5720883,週一~週日05：00~13：00,120.248673,23.184669,07,2012/09/26 12:00:00
f_169,C3_395000000A_000169,老鄧牛肉麵-佳里店,兢兢業業的經營外，並不斷研究改進牛肉麵的料理與口味。因而打「老鄧牛肉麵」的好口碑，成為南台南的知名小吃，李元簇、張菲等政要、明星，均曾聞香下馬。,臺南市佳里區光復路290號,886-6-7220467,週一~週日10:00~14:00、16:30~21:00,120.174936,23.163618,03,2012/09/26 12:00:00
f_170,C3_395000000A_000170,包仔福佳里肉圓,「佳里肉圓」原稱之「包仔」，發明人陳金福，佳里人稱呼「包仔福」，二戰後為與包子饅頭有所區分，改稱「肉圓」。新鮮豬肉加上筍乾、豆薯、蝦米了內餡，裹上香Q的外皮，油炸後澆上蒜泥、香菜等，美味可口，聲名遠播。,臺南市佳里區延平路215號,886-6-7227226,週一~週日07：15~售完為止,120.178438,23.159187,07,2012/09/26 12:00:00
f_171,C3_395000000A_000171,農會邊切仔麵,50多年的經營歷史，佳里鄉親都知道這家歷史悠久的小吃攤，口味傳統，湯頭道地的切仔麵、粿仔湯及滷味，香味四溢，令人垂涎。,臺南市佳里區民生街8號旁（農會邊）,886-6-7227736,週一~週日17：00~24：00,120.175809,23.162672,03,2012/09/26 12:00:00
f_172,C3_395000000A_000172,佳里興大腸粥,風味獨特，不僅大腸Q爛口感好，其所加添的肉燥更是道地。大腸粥的米，是精選上等在來米，與大腸一起長時間的熬煮，因此大腸Q爛，米粥入口即化，湯頭絕佳，緊緊抓住顧客的胃口。,臺南市佳里區興化里佳里興442號,886-6-7261378,週一~週日10：00~20：00,120.188007,23.189816,03,2012/09/26 12:00:00
f_173,C3_395000000A_000173,便所邊蝦仁焢肉飯,西港市場廁所邊有家小吃攤，販賣蝦仁焢肉飯，每天上午十點半上市，中午十二點便收攤休息。短短的一個半小時，便售完當天早晨所製作的二百多份蝦仁焢肉飯，慢到的食客，只能望攤興嘆。,臺南市西港區西港市場內,886-6-7954566,週一~週日10：00~12：00,120.202455,23.120460,03,2012/09/26 12:00:00
f_174,C3_395000000A_000174,吳家潤餅,"潤餅是清明前後應景食品，那如蟬翼般的皮，翠縷紅絲的餡，吃起來春脆、綿軟、多汁、鮮嫩，吃了口齒留香，還想再吃，大眾對這項傳統美食的喜愛程度，可以說有增無減。但一般家庭已不再費事自製潤餅皮、包捲潤餅了，市售潤餅往往供不應求。 
西港新市場內吳家潤餅，每屆清明，門庭若市，排隊購買潤餅的隊伍蜿蜒數十公尺，蔚為奇觀。吳家潤餅已行銷四十多年，是西港地區小吃界的老字號，提起老闆吳坤城，對西港人來說可謂家諭戶曉。",臺南市西港區西港市場內,886-6-7952387,週一~週日06：00~12：00,120.202455,23.120460,03,2012/09/26 12:00:00
f_175,C3_395000000A_000175,西港阿良碗稞,"提起西港碗粿，大家立刻就想到「碗粿良仔」黃良先生。今年六十一歲的他，賣碗粿已有三十多年的歷史。雖然設在西港區中山路舊市場的店面相當簡陋，卻是八十多年的老店了。每天早上六時顧客就陸續上門，上午十時還未到便賣完了。向隅的鄉親常抱怨吃不到如此古早味碗粿，黃良則歉然地表示：老人工，製作有限，下次請早。的確，比起市售機械製作，快鍋蒸炊，西港碗粿算是慢工細活了，因此，每天僅能製作一百多碗而已。看來想嚐嚐古早味的西港碗粿，動作可真非快些不可。 
口味獨特，軟硬適中，口感甚佳；豬腳土豆湯爛熟有滋味，湯頭清甜可口，清晨5時顧客就陸續上門，常在上午10時還未到便賣完了，想嚐嚐古早味西港碗粿，動作可要快喔。 ",臺南市西港區中山路326號,886-6-7952163,週一~週日05：00~售完為止,120.203431,23.121477,07,2012/09/26 12:00:00
f_176,C3_395000000A_000176,溪南春休閒渡假漁村,再創漁業第二春，溪南春處處可見老闆的用心和巧思，漁業文化的保留、餐廳、民宿、文物區等設計，皆希望遊客不僅有得吃、有得住、有得玩外，還能有些小小的感動。溪南春結合了吳郭魚池、虱目魚池及蚵寮，可以漁村生活體驗。這裡的餐廳供應七股道地的風味餐，七股三寶「吳郭魚、虱目魚、蚵仔」為主要食材，依其變化的菜色如手工蚵捲、虱目魚西瓜綿湯等…鮮度百分百，美味可口，值得一吃。,臺南市七股區溪南里溪南42-1號,886-6-7874365,週一~週日08：30~20：00,120.116653,23.126789,03,2012/09/26 12:00:00
f_177,C3_395000000A_000177,龍門客棧餐廳,創立於2003年，以七股特有農漁產品為特色料理，結合地方產業、推廣在地文化、傳統美食之發揚，並與七股鹽山、潟湖、黑面琵鷺旅遊景點相輝映。虱目魚背部魚鰭經泡漬白蔭醬油冰糖約一天，再經日曬半天後，可以燒烤或油炸。產品純天然食材製作，未經其他化學添加物，保持魚肉鮮甜美味。,臺南市七股區中寮里中寮8-41號,886-6-7800658,週一~週日10：00~21：00,120.108461,23.148070,03,2012/09/26 12:00:00
f_178,C3_395000000A_000178,外國安虱目魚,本地的「外國安虱目魚」專賣店名氣也很響亮，店內強調現撈現煮的即時鮮味，不論是麵線魚肚、魚腸、魚皮等，老闆都能調味料理出特色的風味，不僅有獨家烹調的秘方，還自養、自售虱目魚。此外也提供釣魚場所供人免費釣魚。,臺南市七股區龍山里龍山232號,886-6-7872039,週一~週日12：00~20：00,120.091778,23.133765,07,2012/09/26 12:00:00
f_179,C3_395000000A_000179,安哥海產店,短短五百公尺的街道，卻同時開設二、三十家海產店，不但家家人潮如湧，更引發了七股房地產飆漲，帶動了地方繁榮，那便是七十年代七股海產街傳奇，而帶領風潮的，是一個綽號叫「安哥」的小吃店老闆黃清安。「安哥海產」目前是七股人潮的匯集焦點，這兒空間寬敞，附有大型停車場，停車方便，尤其星期假日，店內五十個桌面常高朋滿座。雖然身為「安哥海產」店的老闆，二十年來，黃清安都是親自採買，親自下廚，絕不假手他人，這是「安哥海產」品質最佳保證。,臺南市七股區七股里七股2號,886-6-7875153,週一~週日10：00~21：00,120.133840,23.129275,03,2012/09/26 12:00:00
f_180,C3_395000000A_000180,豐之海鮮漁府,原「龍鄉海產城」已在將軍區裡，開立十六年，在於今年四月重新規畫保留台菜的料好實在，結合日式的精緻料理，突破以往海產店的思維，也揮別過去台味十足的店名，改為現代化名稱「豐之海鮮漁府」。原店名「龍鄉海產城」早就在本區裡名聲遠播，今年改裝後，還有「食尚玩家」雜誌前來採訪，不時也有許多政商人士前來嚐鮮，是內行人的私房店。改裝後店面大器整潔，設有獨立包廂，及專屬停車場，另有新鮮魚貨的展示區，安心讓您選用。,台南市將軍區長沙村146-10號,886-6-7930637,週一~週日11：00~20：30,120.104535,23.213295,03,2012/09/26 12:00:00
f_181,C3_395000000A_000181,漚汪蚵嗲,以新鮮蚵仔加上漚汪當地紅蔥頭為內餡，濃郁的蚵嗲氣味，瀰漫整個漚汪街仔，令人垂涎三尺。保留使用70多年的傳統大灶來炸製蚵嗲，讓傳統古早味的蚵嗲添加濃濃古意。營業期間自農曆8月至12月底。,臺南市將軍區漚汪市場內,886-6-7943328,週一~週日06：00~08：00、15：00~18：00,120.158227,23.197882,03,2012/09/26 12:00:00
f_182,C3_395000000A_000182,萬鍛陽春麵,漚汪市場內的萬鍛陽春麵，40多年的老手藝，香Q可口的陽春麵、精心滷製的多樣小菜滷味，是漚汪地區古早味的在地小吃。,臺南市將軍區漚汪市場內,886-6-7940249,週一~週日08：00~19：30,120.158227,23.197882,03,2012/09/26 12:00:00
f_183,C3_395000000A_000183,學甲鵝肉,學甲鵝肉絕不用冷凍鵝，亦不用生蛋鵝。冷凍鵝肉吃起來有腥味，且口感木然。生蛋鵝肉則是生蛋太久被淘汰的鵝隻宰殺的，因此肉質堅韌，不易嚼爛。故黃老闆相當堅持採用現宰的新鮮鵝肉。,臺南市學甲區中正路164號,886-6-7837120,週一~週日11：30~21：30,120.179752,23.231061,03,2012/09/26 12:00:00
f_184,C3_395000000A_000184,永通虱目魚粥,「學甲永通虱目魚粥」採用新鮮魚肉，魚湯鮮甜美味無腥味，虱目魚丸口感緊實有彈性；其虱目魚粥更讓食客無不豎起大姆指喊「讚」！,臺南市學甲區民權路60號,886-6-7839308,週一~週日05：00~14：00、15：00~20：40,120.180452,23.231428,07,2012/09/26 12:00:00
f_185,C3_395000000A_000185,學甲蚵嗲,利用每日現撈新鮮肥美的蚵仔，在加上30年火侯的炸功，使裏黃豆粉的蚵嗲皮香脆，咬下去皮脆肉鮮蚵汁都會噴出，高麗菜和韭菜的香甜都吃的到，真是在地美食。,臺南市學甲區中正路223號(濟生路口),886-6-7830346,週一~週日14：40~18：00,120.179918,23.233141,07,2012/09/26 12:00:00
f_186,C3_395000000A_000186,廣益虱目魚丸,虱目魚丸採用新鮮虱目魚肉加工製成，品質好、口味佳，吃起來滑潤鮮甜，頗受消費者好評。,臺南市學甲區中正路207號,886-6-7833241,週一~週日06：00~18：00,120.179808,23.232621,07,2012/09/26 12:00:00
f_187,C3_395000000A_000187,三寮灣秀碧蚵嗲,三寮灣東隆宮廟埕榕樹下的秀碧蚵爹是許多人懷念的對象。新鮮現鋟的蚵仔、拌入高麗菜、韭菜薑絲、及漢藥特調的香料等，吃起來香脆甘甜好滋味，令人特別難忘。夏季開始兼賣清涼古早冰。,臺南市北門區三光里三寮灣東隆宮廟埕榕樹下,0934-081365,週一~週日09：00~17：30,120.111428,23.238736,07,2012/09/26 12:00:00
f_188,C3_395000000A_000188,福隆餐館,"本店位於北門區第171號縣道上，旁邊就是北門烏腳病紀念館，亦為北門地區頗具規模的餐館，若在北門用餐，此地為不二選擇。 
本店位於北門區台17道上，為北門地區頗具規模的餐館。有如辦酒席的寬敞用餐環境，提供新鮮美味又可口的海鮮料理，最具特色的平價季節餐點是塭斗(豆仔魚)、胡麻油蚵仔麵線、三角魚湯等特色菜。",臺南市北門區永隆里港北37號,886-6-7861588,週一~週日08:30~14:00、16:30~18:30,120.124292,23.270388,03,2012/09/26 12:00:00
f_189,C3_395000000A_000189,南鯤鯓－吳記燒酒螺,吳阿媽的燒酒螺多前於代天府裡的庭園裡兜售，後來就移到廟口石獅前擺攤。吳阿媽自已研究調配特的配料，讓她的燒酒螺，越做越好吃，慢慢賣出口碑，也吸引電視節目來採訪。來南鯤鯓買包燒酒螺吸食，那甜辣香甘的滋味，讓人勾起無盡的童年回憶。,臺南市北門區南鯤鯓代天府石獅下,886-6-7865053,週一~週日09：00~18：00,120.140856,23.286352,03,2012/09/26 12:00:00
f_190,C3_395000000A_000190,太子宮老施牛肉麵,由於製法特殊，湯頭道地，熬燉不馬虎，很快便贏得顧客的好口碑，大家口耳相傳的結果，使得「太子宮廟前老施牛肉麵」聲譽很快的響遍南瀛大地，而成為大新營區特色小吃。「太子宮廟前老施牛肉麵」的聲名遠播，使得全台挑嘴的饕客「聞香下馬」，甚至出國探親的鄉親們，亦特別來採購方便攜帶貯藏的滷牛腱、滷牛肚等，以一解旅居國外親友思鄉之愁。,臺南市新營區太北里太子宮44-6號,886-6-6526261,週一~週日09：00~19：00,120.273840,23.295510,03,2012/09/26 12:00:00
f_191,C3_395000000A_000191,阿松臭豆腐,"『阿松臭豆腐』創業於民國七十年代，位在新營市中正路37號，營業時間是下午三時至下午七時。 
老闆陳清松年輕時在實踐堂(新營市公所右斜對面路口、國民黨前台南縣黨部旁)對面三角地帶拜師劉正男，繼而頂下攤位。老闆作生意注重衛生及品質，並不斷改進口味及提高品質，生意好到不行，新營地區的男女老少，幾乎都吃過他的臭豆腐。當時並無店名，因為攤位設在實踐堂旁邊，『實踐堂臭豆腐』就叫開了名號，成為新營地區的特色小吃。臭豆腐主要食材可分為泡菜、沾料、臭豆腐，因老闆的用心製作所以網羅這三方面挑嘴之饕客，素食客亦可享用本家臭豆腐。",臺南市新營區中正路37-1號,886-6-6370555,週一~週日15：00~19：00,120.316470,23.313370,03,2012/09/26 12:00:00
f_192,C3_395000000A_000192,新營宗肉丸,「新營宗」的肉圓之所以好吃的秘訣，有的就是真材實料，加上純手工製作的堅持。餡料主要是菜脯和精選的豬後腿肉，外皮用的是加了香料的糯米漿熬製而成，吃起來香Q不膩，令人回味不已。,臺南市新營區復興路99號,886-6-6350551,週一~週日15：00~22：00,120.311092,23.303278,07,2012/09/26 12:00:00
f_193,C3_395000000A_000193,華味香鴨肉羹-延平店,「華味香」鴨肉羹是許多新營孩子記憶中童年的幸福味道。60多年歷史的華味香，其鴨肉羹源於古老秘方，帶骨的全鴨剁塊細細熬煮，鴨肉軟嫩香甜，加上筍絲與調料，清淡爽口不油膩，其魯味更是令人垂涎。,臺南市新營區延平路29號,886-6-6322981,週一~週日10：00~21：00,120.313740,23.301740,03,2012/09/26 12:00:00
f_194,C3_395000000A_000194,華味香鴨肉羹-新進店,「華味香」鴨肉羹是許多新營孩子記憶中童年的幸福味道。60多年歷史的華味香，其鴨肉羹源於古老秘方，帶骨的全鴨剁塊細細熬煮，鴨肉軟嫩香甜，加上筍絲與調料，清淡爽口不油膩，其魯味更是令人垂涎。,臺南市新營區新進路二段474號,886-6-6565948,週一~週日10：00~21：00,120.302820,23.302770,03,2012/09/26 12:00:00
f_195,C3_395000000A_000195,華味香鴨肉羹-民治店,「華味香」鴨肉羹是許多新營孩子記憶中童年的幸福味道。60多年歷史的華味香，其鴨肉羹源於古老秘方，帶骨的全鴨剁塊細細熬煮，鴨肉軟嫩香甜，加上筍絲與調料，清淡爽口不油膩，其魯味更是令人垂涎。,臺南市新營區民治路31號,886-6-6353698,週一~週日10：00~21：00,120.317235,23.310790,03,2012/09/26 12:00:00
f_196,C3_395000000A_000196,清香鱔魚麵,使用燒粗糠的方式，來當作炒鱔魚的燃料，利用其高溫烹調功能是一大特色，因此炒出來的鱔魚特別清脆好吃，肉質也十分鮮美。店裡免費供應的鱔魚骨高湯，特別滑溜順口。拌炒的鱔魚，加上家傳的熬煮醬汁，呈現出自然鮮甜爽脆的口感。,臺南市新營區延平路46-76號,886-6-6328341,週一~週日10:30~14:00、15:30~19:00,120.312900,23.301080,07,2012/09/26 12:00:00
f_197,C3_395000000A_000197,老鄧包子店,第一代定居新營紙廠，因自幼習得一身廣東料理，而受聘為招待所廚師，當年嚴家淦總統、何應欽將軍及台南縣劉博文縣長常指定鄧老先生掌廚，後來改賣早點，餐點中保留著濃濃的外省口味，且堅持料多、麵Q、實在，目前傳至第二代，品質依舊受肯定。,臺南市新營區太子路151號,886-6-6567468,週一~週日05：30~09：30、15：30~18：40,120.295410,23.301650,03,2012/09/26 12:00:00
f_198,C3_395000000A_000198,康樂胚芽意麵,康樂街巷弄裡的胚芽意麵遠近馳名，人潮總是絡繹不絕；以獨家手法標榜胚芽製作的意麵，麵質Ｑ，配上肉片，搭配豬油的香氣，總讓人忍不住想再吃一碗。這裡的餛飩、燒賣、肉包、花捲及饅頭樣樣均有口碑。,臺南市新營區康樂街44號,886-6-6323557,週一~週日07：00~21：00,120.314410,23.301740,03,2012/09/26 12:00:00
f_199,C3_395000000A_000199,新營肉丸,傳統的口味，加上純手工製作的堅持，餡料以精選的豬後腿肉配上菜脯，不添加人工香料，皮Q香嫩，加上獨特醬料，真是難得的人間美味。,臺南市新營區民權路37-2號,886-6-6331824,週一~週日10：00~22：00,120.312691,23.305302,07,2012/09/26 12:00:00
f_200,C3_395000000A_000200,包仔師胚芽意麵,意麵在全台各地都吃得到，但「胚芽意麵」則全台僅新營區才有。「包仔師胚芽意麵」的金字招牌風靡大新營地區。「胚芽意麵」的創始人就是人稱「包仔師」的倪修燦先生，他的創業過程從四十年代一路謹慎經營，名聲在新營地區屹立50年不墜。,臺南市新營區中正路27-5號,886-6-6323557,週一~週日06：30~20：00,120.316620,23.311840,03,2012/09/26 12:00:00
f_201,C3_395000000A_000201,民雄海產餐廳,創立於民國五十五年的民雄海產餐廳，民雄海產餐廳一步一腳印的努力，從創立之始的「貨鮮」、「味美」、「價公道」，到近年來為因應新世紀的來臨，再次訂定經營理念為『料理求新』、『服務親切』、『永續經營』，不管經營理念如何改變，民雄海產餐廳一路走來，始終堅持給顧客最好的餐飲品質。,臺南市新營區隋唐街200號,886-6-6563088,週一~週日11：00~14：00、17：00~21：00,120.301355,23.308143,03,2012/09/26 12:00:00
f_202,C3_395000000A_000202,曾家豬頭飯,創店已有46年的歷史，主要餐點為豬頭飯，堅持採用傳統道地作法，米粒香Q具彈性，又因口味道地，不油不膩，深受好評，讓人回味無窮。,臺南市新營區新進路二段81號,886-6-6333613,週一~週日05：00~13：00,120.311010,23.300450,07,2012/09/26 12:00:00
f_203,C3_395000000A_000203,阿忠豆菜麵,香Q的麵條，淋上特調蒜頭醬油，再配上一碗豬血湯、苦瓜魚湯，那可真是絕配。為了保持傳統的美味，店家每天自製麵條，提供顧客最新鮮、最美味、最香Q滑嫩爽口的麵條。來到新營一定要嚐嚐特色豆菜麵。,臺南市新營區中正路25號,886-6-6379688,週一~週日4：30~14：30,120.316448,23.311314,03,2012/09/26 12:00:00
f_204,C3_395000000A_000204,山水牌特味香香腸,自行研發的山水牌香腸，歷史已有50多年，其香腸口感極佳，有申請註冊，肥瘦肉比例恰到好處，文火炭烤的香腸，味道香甜不膩，配著大蒜更顯美味；其糯米大腸亦香Q美味。,臺南市新營區康樂街42號,886-6-6328370,週一~週日06：30~20：30,120.314510,23.301780,03,2012/09/26 12:00:00
f_205,C3_395000000A_000205,延平砂鍋魚頭,1965年創店的「延平砂鍋魚頭」，火雞熬煮的鮮美湯底，酥熟香脆的大頭鰱魚頭，加上新鮮蔬菜、豆腐，沙茶入味，香甜鮮美，配上獨家口味的「火雞肉飯」、活魷魚，讓人回味不已。,臺南市新營區延平路42號,886-6-6323278,週一~週日10：00~19：30,120.313465,23.301371,03,2012/09/26 12:00:00
f_206,C3_395000000A_000206,新營紅燒土魠魚羹,新營民權路上的土魠魚羹，排隊人潮絡繹不絕。其口味上屬南部較甜的口味，但甘甜不膩，吃了真的會上癮的土魠魚羹，味道真的很棒，香酥的炸魚塊，口感鮮甜，不會有魚腥味，配上香Q麵條，美味又可口。,臺南市新營區民權路96-6號,886-6-6320055,週一~週日11：00~20：00,120.312305,23.308443,07,2012/09/26 12:00:00
f_207,C3_395000000A_000207,後壁冰糖醬鴨,"沒有招牌，更無店面，純粹是家庭副業式的經營，但現場卻供不應求，而預約訂購的函件，亦如雪花般從各地飄來，且已排隊至二週後才能訂到貨，那便是後壁區後壁國小校門口的黎記廣東冰塘醬鴨。 
黎記廣東冰糖醬鴨分辣與不辣兩種口味，但亦會依顧客指定製作超辣口味。每天上午七時開市，但現場採購不一定有貨，最好先預約，因限量供應，賣完為止。",台南市後壁區後壁里42-18號,886-6-6872078,週一~週日07：00~17：00,120.367179,23.366166,03,2012/09/26 12:00:00
f_208,C3_395000000A_000208,和興冰果部,豐昌商店對面的「和興冰果室」，店主人黃漢津經營冰果室已超過70年了，帶給當地街坊鄰居口中甜蜜好滋味的好所在。從前人談事情、相親、談戀愛、聚會請客都會選擇來冰果室。物質缺乏生活貧苦的年代裡，喝不起咖啡、上不起像樣的餐館，花小錢去冰果室坐吃碗冰就很滿足。高椅背加上分隔的屏風通常是為了來店吃冰約會的情侶迴避店外目光，或是過路行人窺探打擾的一種貼新設置。店內大洋綠色系的桌椅裝潢真讓人有時光一下退回50年的感覺。,臺南市後壁區菁寮里菁寮46號,886-6-6621877,週一~週日08：00~18：00,120.335644,23.378620,05,2012/09/26 12:00:00
f_209,C3_395000000A_000209,白河鴨頭,40多年前從扛扁擔走過大街小巷的白河鴨頭，今由第二代承志家業後，依舊生意門庭若市、人氣絡繹不絕。白河鴨頭好吃的秘訣，最重要的是鴨子屬於『生卵鴨』，並用漢藥材香料熬煮才能香氣四溢、口齒留香。,臺南市白河區中山路與中正路交叉路口,886-6-6854960,週一~週日15：30~售完為止,120.415180,23.349563,03,2012/09/26 12:00:00
f_210,C3_395000000A_000210,白河吳家豆菜麵,"白河市場內，那傳了三代，名聞臺南市的白河豆菜麵，完全以電腦控製，機械製作，是臺南市最具規模的豆菜麵販售者。 
由於豆菜麵的麵條扁薄而柔軟，口感佳，風味獨特，與一般圓粗且質硬的油麵不同，因此，吸引各地食客的爭相食用。在大家口耳相傳下，逐漸打響了「白河豆菜麵」的好口碑。",臺南市白河區白河市場29、31號,886-6-6858801,週一~週日07：00~12：00,120.415141,23.349384,03,2012/09/26 12:00:00
f_211,C3_395000000A_000211,蓮子大餐,每年七月暑期，樸實寧靜的白河區便開始沸騰起來，成為全國同胞注目的焦點。蓮海，荷香，吸引數以萬計的遊客，捧抱朝聖情懷，湧向蓮田荷畔，欣賞「蓮葉何田田」的壯闊，讚嘆「出淤泥而不染」的嬌艷。欣賞讚嘆之餘，亦不忘飽餐一頓「蓮子大餐」。 民國八十五年，全國文藝季白河蓮花節，前鎮公所為招待來自全國各地遊客，委由前鎮農會精心鑽研「蓮子大餐」食譜，以甄選方式篩選出白河境內名廚魏志佑及蔡文進掌廚，並別出心裁地將桌席擺設在蓮田荷畔，在夕陽餘暉中，就著風情萬種、千嬌百媚的蓮田花海，品嘗精心烹製的「蓮子大餐」，美食良景，感動了千萬遊客的心靈，白河「蓮子大餐」一夕之間聲名遠播，馳譽全國。,臺南市白河區三民路412號(白河區農會),886-6-6830122,週一~週日10：30~14：00(國曆7-8月),120.415653,23.351582,07,2012/09/26 12:00:00
f_212,C3_395000000A_000212,鈺雪冰枝店,鈺雪冰枝店的「紅豆牛奶冰」採用台灣本土生產的紅豆煮後顏色較深紅，殼較薄，香味濃郁；用在「蓮子冰」裡的，及「蓮子冰棒」製作的蓮子，是白河本地生產的，在賞蓮進入尾聲時，農會將蓮子送來店裡，用報紙包裹冷藏備用，所以全年都有「蓮子冰棒」與「蓮子冰」可吃。,臺南市白河區竹門里竹子門114-1號,886-6-6853388,週一~週日07：00~21：00,120.446189,23.376783,05,2012/09/26 12:00:00
f_213,C3_395000000A_000213,白河潤餅林,潤餅原是清明節前後的應景食品，白河潤餅延續傳統製法，其潤餅皮Q度夠，且薄富彈性；內料豐富多元，捲起的滿滿美味，嚐一口令人難忘。,臺南市白河區公有市場4巷36號,886-6-6854937,週一~週日06：00~12：00,120.415142,23.349379,03,2012/09/26 12:00:00
f_214,C3_395000000A_000214,店仔口肉丸,流傳三代經營三十幾年的店仔口肉丸遵循古法，外皮純手工製作，不添加硼砂，採用優等再來米，皮Q有彈性。餡料採精選肉品及脆筍，不添香料保持食材原味。醬料以米漿及黑糖熬煮而成，不甜膩有益健康。,臺南市白河區中正路13號前,886-6-6832077,週一~週日15：00~19：00,120.415730,23.349320,07,2012/09/26 12:00:00
f_215,C3_395000000A_000215,湯皇東山排骨酥,3代歷史傳承的東山排骨酥，精選鮮豬肉排，古法燉煮，黃澄油亮的排骨肉，肉質甜美，入口即化，湯鮮香濃不油膩；91年為「味丹-香蒜排骨酥麵」代言推薦，香名遠播。,臺南市東山區中興路100號,886-6-6802859,週一~週日11：00~19：30,120.403510,23.323611,03,2012/09/26 12:00:00
f_216,C3_395000000A_000216,合記龍眼蜜、東山鴨頭,合記原本從事龍眼乾批發，後來東山大街上人潮越來越多，也隨著轉型成為零售商。後來甚至投入了東山鴨頭商家的行列，合記用龍眼乾與龍眼蜜當滷汁配方做出自己獨特風格的「東山鴨頭」。,臺南市東山區中興路24號,886-6-6802032,週一~週日10：00~19：30,120.403463,23.321822,03,2012/09/26 12:00:00
f_217,C3_395000000A_000217,日喜豆花粉圓,日喜粉圓豆花於四十八、九年前由周清池開始賣粉圓冰打下基礎，其實，周清池的上一代就作粉批發生意。周清池想，與其專賣粉圓，不如用家裡現有的材料製作粉圓、豆花，當地人愛吃之餘，到碧軒寺廟進香的香客也慕名而來，因為便宜可口，成為東山的知名小吃。,臺南市東山區中興路106號,886-6-6800324,週一~週日08：00~17：00,120.403481,23.323729,05,2012/09/26 12:00:00
f_218,C3_395000000A_000218,東山阿真肉圓,肉圓採傳統做法，皮Q餡多；其大腸米粒香Q，加上特調醬料，口味極佳。,臺南市東山區達雲路一段1號,886-6-6801400,週一~週日11：00~19：30,120.403544,23.322627,07,2012/09/26 12:00:00
f_219,C3_395000000A_000219,東山肉丸,"製作的外貌、材料與口感,與佳里肉丸與眾不同。因口味獨特，香噴噴的外表，Q彈的外皮，豐富的內餡，加上獨家醬料，令人食指大動，更是東山區民喜愛美食。",臺南市東山區中興路91號,886-6-6800709,週一~週日10：00~19：00,120.403129,23.324008,07,2012/09/26 12:00:00
f_220,C3_395000000A_000220,籃記東山鴨頭,配料及烹滷，由老闆獨特方式，以維持其咬勁，口味特殊的風格，持續在每天籃記堅持依循古法製作，絕不偷工減料，所以能一直維持咬勁十足，口味特殊的風格。,臺南市東山區中興路11號,886-6-6802856,週一~週日13：00~18：00,120.403191,23.322332,03,2012/09/26 12:00:00
f_221,C3_395000000A_000221,阿文肉丸大腸,又嫩又Q的肉丸，淺嚐一口，舌間滿是滑嫩的觸感，餡料豐富，其香氣瞬間盈滿整個中樞神經，口感絕佳。,臺南市東山區中興路54號,886-6-6800480,週一~週日08：00~19：00,120.403528,23.322721,07,2012/09/26 12:00:00
f_222,C3_395000000A_000222,良賓山海產,良賓山海產目前由第二代經營，採新鮮現撈漁貨，佐以清蒸與酸筍煨煮，展現魚之特有鮮甜，店內多樣美味佳餚，其中招牌菜「藥膳鱸鰻」，以漢藥熬煮，滋補養生，絕對好味道。,臺南市六甲區珊瑚路45號,886-6-6982839,週一~週日10:00~14:00、17:00~21:00,120.352585,23.225878,03,2012/09/26 12:00:00
f_223,C3_395000000A_000223,口福羊肉店,位於六甲區的口福羊肉店創業至今，已有十六年的歷史，經由老饕們的口耳相傳，創造出良好的口碑。金黃色的湯頭，是以羊大骨與羊排骨精心熬煮，湯頭清爽不油膩，不論是涮羊肉或羊肉清湯，都能吃出健康與美味。白切羊肉「三層肉」是取羊隻排骨至腹部的肉，整塊在炊架上蒸熟後，切片沾料食用。黃老闆表示，要訣在羊肉材質上。故吃起來口感特佳，有油氣卻無油膩之感。,臺南市六甲區中山路120號,886-6-6983223,週一~週日09：00~21：00,120.348935,23.231407,03,2012/09/26 12:00:00
f_224,C3_395000000A_000224,進錄飲食店,三代傳承具有百年歷史店內有三寶，米糕配魚羹堪稱一絕，再以獨特風味排骨酥、水煮粿仔、麵、米粉湯，其三各式鮮味滷菜沾上謝家獨特醬汁，更使人唇齒留香，讚不絕口，口味遠近馳名。,臺南市六甲區仁愛街29號,886-6-6980392,週一~週日06：00~13：00,120.353758,23.230377,03,2012/09/26 12:00:00
f_225,C3_395000000A_000225,明園餐廳,明園餐廳目前由第二代轉型經營明園拉麵複合式餐飲，以台、日式平價拉麵為主題；保留明園餐廳的招牌菜(油炸肚伯仔、虎頭蜂蛹、竹雞)，舒適的環境、加上33年傳承的美味，絕對值得一嚐。,臺南市六甲區中山路42號,886-6-6982100,週一~週日11:00~15:00、17:00~21:00,120.350553,23.231016,01,2012/09/26 12:00:00
f_226,C3_395000000A_000226,大麵耀豆菜麵,「大麵耀豆菜麵」70多年歷史，以家傳古早手藝製作，其麵口感軟Q，舖上新鮮水煮豆芽，淋上特製蒜頭醬油，別有一番風味，來到六甲區一定要嚐嚐這道著名的美味小吃。,臺南市六甲區中正路485巷3號,886-6-6992403,週一~週日06：00~12：00,120.351060,23.229746,03,2012/09/26 12:00:00
f_227,C3_395000000A_000227,金光海產餐廳,民國六十年代創業的金光海產餐廳，其薑爆豬睪丸為其招牌菜色，因過去下營區養豬戶居前台南縣之冠，豬睪丸變成在地特有美食。生炒鱔魚麵亦是店內具特色的美食。,臺南市下營區中山路二段85號,886-6-6895223,週一~週日11：00~21：00,120.261985,23.232853,03,2012/09/26 12:00:00
f_228,C3_395000000A_000228,阿興168燻茶鵝-總店,其燻製過程是先將特別調配的香料灌進鵝隻體內，然後吊在燻爐內，燻爐下層放置烘爐，烘爐上有鋼製濾網，茶葉及二級砂糖置其上，然後燃燒炭火，藉著爐內空氣循環，將烘出的茶香蔗甜滲透鵝內，燻烤時間約20分鐘，便可出爐。出爐的燻茶鵝呈金黃色，香氣濃郁，令人垂涎不已。,臺南市下營區賀建里下橋頭1-8號,886-6-6897482,週一~週日07：00~18：00,120.283910,23.232439,03,2012/09/26 12:00:00
f_229,C3_395000000A_000229,阿興168燻茶鵝-餐廳,其燻製過程是先將特別調配的香料灌進鵝隻體內，然後吊在燻爐內，燻爐下層放置烘爐，烘爐上有鋼製濾網，茶葉及二級砂糖置其上，然後燃燒炭火，藉著爐內空氣循環，將烘出的茶香蔗甜滲透鵝內，燻烤時間約20分鐘，便可出爐。出爐的燻茶鵝呈金黃色，香氣濃郁，令人垂涎不已。,臺南市下營區中興南路336號,886-6-6896888,週一~週日07：00~18：00,120.270665,23.229013,03,2012/09/26 12:00:00
f_230,C3_395000000A_000230,柳營肉丸,30年老店，肉圓透光帶Q勁的薄皮鋪上精肉、竹筍、豐富內餡，淋上香甜調味汁，令人百吃不厭，凡吃過的人都會帶著難忘的回憶。,臺南市柳營區中山西路二段177號,886-6-6222732,週一~週日10：30~19：00,120.312996,23.276524,07,2012/09/26 12:00:00
f_231,C3_395000000A_000231,柳營區農會田媽媽ㄋㄟㄋㄟ寶乳製小吃,"柳營區八翁酪農專業區是台灣最大的牛乳產區，鮮乳產量佔全國六分之一，除供應全國各大鮮乳廠商做為生乳，剩餘乳則被柳營農會輔導的田媽媽，開發製成各種鮮奶副產品。 
「ㄋㄋ寶」堅持純鮮奶製造和純手工，每天早上從牧場直接鮮送到工廠的新鮮生乳，透過田媽媽的巧手，變成好吃又營養的米麵加工製品。 
買氣最好的鮮奶饅頭、包子和花捲，純鮮奶不加一滴水製成，入口香柔蓬軟，帶著淡淡乳香，掰開來組織綿密細緻，包子餡調得恰到好處，筍肉包鮮腴爽口、自己炒的紅豆甜餡豆香濃郁，還吃得到紅豆顆粒。這一兩年推出全麥和南瓜養生系列，高品質加上售價實惠，創造一天5000個的驚人買氣。",臺南市柳營區柳營路二段77號,886-6-6223994,週一~週日08：00~17：30,120.311637,23.279171,03,2012/09/26 12:00:00
f_232,C3_395000000A_000232,小腳腿羊肉店,小腳腿羊肉店其採用新鮮精選羊肉，肉質細膩，無腥味，不油膩，口感好，招牌菜有黃金腿及清蒸三層肉，還有熱炒沙茶肉、蒜椒肉、涮涮鍋、涼拌清湯、麻油麵線等，嚐後口齒留香，回味無窮。,臺南市柳營區重溪里小腳腿21-9號,886-6-6230349,週一~週日09：00~21：00,120.366774,23.288785,03,2012/09/26 12:00:00
f_233,C3_395000000A_000233,鹽水豬頭飯,原是鄉下人家吃的豬頭飯，加上巧思，創造了「鹽水豬頭飯」，緊緊的抓住鄉親胃口，成為鹽水區的特色小吃。豬頭飯飯粒蓬鬆清爽，香噴夠味，加上美味豬頭肉，免費的高湯，您一定要來品嚐正港老牌「豬頭飯」。,臺南市鹽水區中央市場內,886-6-6520966,週一~週日06：00~12：00,120.267422,23.320981,07,2012/09/26 12:00:00
f_234,C3_395000000A_000234,鹽水豆簽羹,「豆簽」原是農家的粗食，經過豆簽羹創始人-陳水傳改良後，吃起來滑溜順口，加上新鮮的虱目魚和蚵仔，滋味鮮美可口，滿溢口中的盡?大海的味道。,臺南市鹽水區朝琴路16號,886-6-6528437,週一~週日14：30~19：00,120.268527,23.320821,03,2012/09/26 12:00:00
f_235,C3_395000000A_000235,鹽水點心城豬頭飯,精選在來米拌入蔥酥，以大骨頭高湯熬煮成的豬頭飯，口感香甜，嚼勁口感足，既營養又美味。其紅糟肉、炒豬肺亦是古早好味道。,臺南市鹽水區鹽水點心城內,886-6-6522112,週一~週日07：00~13：00,120.268318,23.319533,07,2012/09/26 12:00:00
f_236,C3_395000000A_000236,林家老店鹽水肉圓,遵古作法，傳統美味，肉圓好吃不油膩，外皮Q嫩口感好，其米糕以文火2-3小時熬煮，傳統的古早好味道。其碗粿及米糕亦具特色。,臺南市鹽水區康樂路98號,886-6-6521777,週一~週日10：00~19：00,120.269046,23.320493,07,2012/09/26 12:00:00
f_237,C3_395000000A_000237,銀鋒冰果室,銀峰冰果室是一個有平價、冰品、飲料的剉冰、豆花，網友認為值得推薦的有：紅豆月見牛奶冰。,臺南市鹽水區中山路1號,886-6-6522202,週一~週日08：00~23：00,120.267556,23.319944,05,2012/09/26 12:00:00
f_238,C3_395000000A_000238,阿三意麵,鹽水意麵細扁的口感，撲鼻的蛋香，淋上精心魯製的肉燥醬料，讓人讚不絕口。以新鮮豬肉魚漿攪拌的內餡，裹以麵粉雞蛋油炸的肉燕酥亦?特色。來趟鹽水記得品嚐這道地小吃。,臺南市鹽水區鹽水點心城內,886-6-6526750,週一~週日07：00~18：00,120.268318,23.319533,03,2012/09/26 12:00:00
f_239,C3_395000000A_000239,阿桐意麵,位於點心城的阿桐意麵，其意麵香Q有勁，加上肉燥香，美味可口，另有皮酥料香肉燕酥及多樣餐點，樣樣美味，令人難忘。,臺南市鹽水區鹽水點心城內,886-6-6532261,週一~週日07：30~19：30,120.268318,23.319533,03,2012/09/26 12:00:00
f_240,C3_395000000A_000240,顏清安意麵,坐落在八角樓前騎樓下的「顏清安意麵」，從黃昏賣至深夜；乾麵香Q可口，湯麵湯頭以肉骨湯熬燉，清甜好滋味，令人吃了還想再吃。,臺南市鹽水區中山路與中正路口(八角樓前騎樓下),886-6-6528437,週一~週日15：00~23：00,120.267608,23.319999,03,2012/09/26 12:00:00
f_241,C3_395000000A_000241,八角樓當歸鴨,精選鴨肉以當歸等補藥熬煮的當歸鴨，其鴨肉質地嫩Q，湯頭鮮美，滋補養生的美味；其白切鴨、米血亦頗受歡迎。,臺南市鹽水區中山路與中正路口(八角樓前騎樓下),886-6-6523347,週一~週日16：30~24：00,120.267575,23.320031,03,2012/09/26 12:00:00
f_242,C3_395000000A_000242,鹽水煎包,「鹽水煎包」是很多居民童年的共同回憶。以竹筍、肉燥、蝦干、蔥頭、豬肉及胡椒等新鮮內餡，現包現煎，新鮮好滋味，另有花生、蔥肉、紅豆等多樣口味，深具特色。,臺南市鹽水區中正路3號,886-6-6525360,週一~週日14：00~18：00,120.268081,23.320590,03,2012/09/26 12:00:00
f_243,C3_395000000A_000243,一等涼冬瓜茶,「一等涼」的冬瓜茶是將特選的冬瓜削皮切塊，與特製砂糖熬煮8個小時煉製成冬瓜露，再將冬瓜露加水煮成冬瓜茶。,臺南市善化區中山路468巷1號,886-6-5810800,週一~週日10：00~20：00,120.290052,23.132524,05,2012/09/26 12:00:00
f_244,C3_395000000A_000244,善化糖廠冰品,擁有冰品門市部的善化糖廠，向來半年製糖半年賣冰，推出產品有紅豆牛乳、葡萄、綠豆、蛋黃、芋頭、核仁等等數種口味，消暑解渴，為夏季的絕佳聖品。善化糖廠門市部前景觀佔有絕佳優勢，不但提供停車位，旁邊又有親水公園、百年大樟樹、台糖小火車供觀賞。園內有許多棵芒果樹，每當夏至來臨時，樹上結滿芒果，吸引許多假日遊客休憩。,臺南市善化區溪美里溪尾310號,886-6-5810218,週一~週日08：00~21：00,120.291935,23.153638,05,2012/09/26 12:00:00
f_245,C3_395000000A_000245,國正飯店,國正飯店的「滿月油飯」（需先預定），秉持傳統古法，香Q可口，而且料多實在，是鄰近區指定的彌月油飯大宗；另招牌菜－鱔魚炒麵，麵條香Q，鱔魚鮮脆，來山上記得嚐嚐這道美味。,臺南市山上區南洲里南洲103號,886-6-5781059,週一~週日08：00~19：00,120.354750,23.102088,03,2012/09/26 12:00:00
f_246,C3_395000000A_000246,新市豬腳,傳統方式燉滷豬腳，燉料除鹽、糖、醬油外，佐以祕方特製漢藥，使豬腳具獨特味。燉好的豬腳以文火溫著，待食客點食時，才盛碗上桌。其豬腳熟爛連內髓真味也滲溢出來，不油膩鹹淡適中。,臺南市新市區中山路177-1號,886-6-5991135,週一~週六07：00~21：00/週日公休,120.297343,23.071258,03,2012/09/26 12:00:00
f_247,C3_395000000A_000247,大胖海產魯麵,『大胖海產』魯麵，是選用上等豬隻胛心肉、豬肝、新鮮疏菜，再搭配上熬豬大骨高湯，以及獨家特製調味，滋味酸甜微辣，色澤鮮紅，煮出在地人口味，魯麵香味已傳第二代，歷久不衰。,臺南市新市區中興街47號,886-6-5014588,週一~週日17：00~02：00,120.294259,23.078240,03,2012/09/26 12:00:00
f_248,C3_395000000A_000248,姑婆仔陽春麵,已傳了四代傳統口味的肉燥，讓「姑婆仔」陽春麵在新市街上家喻戶曉。家傳肉燥是用新鮮紅蔥切碎，與豬油、蝦米等炒製而成的。以精選大骨熬湯成就鮮美甘甜好滋味。,臺南市新市區仁愛街306號,886-6-5995772,週一~週日17：30~24：00,120.293888,23.077264,03,2012/09/26 12:00:00
f_249,C3_395000000A_000249,世芳軒阿魯伯土豆糖,「世芳軒」在安定樹立40多年口碑，曾獲傳統糕餅優等獎，連區公所過年過節送禮，也指定「阿魯伯土豆糖」。安定區曾是西拉雅平埔族目加溜灣社的屬社「直加弄」，現地名是明鄭時期開墾時所定，希望境內安定，以利拓建。「蘇厝里」曾是清領時期將領藍廷珍平定朱一貴的戰場，儘管只留下芒果樹的遺跡，但臺灣史上著名的一役，仍為此地留下富傳奇的色彩，而「世芳軒」就在這個傳奇的村莊內！,臺南市安定區蘇林里蘇厝227號,886-6-5931366,週一~週日06：00~19：00,120.251833,23.129539,06,2012/09/26 12:00:00
f_250,C3_395000000A_000250,中崙粿仔伯,中崙粿仔伯1930年創立以來遵循古早製造，純米純手工的「九層粿」口感細緻，香Q爽口不甜；雙糕潤之紅豆粿、芋頭粿係採糯米加蓬萊米增添紅豆、芋頭兩種口味製成，多變的香Q口感讓人吃了就想再吃。　,臺南市安定區中沙里中崙142-1號,886-6-5931366,週一~週日08：00~12：00、14：30~18：30,120.211142,23.078705,03,2012/09/26 12:00:00
f_251,C3_395000000A_000251,港口土魠魚羹,「港口土魠魚羹」採用傳統、融合創新作法，魚肉香酥鮮甜、口齒留香，加上獨門配料的湯頭，口感滑溜、清爽不油膩，目前國內已有多家加盟店，香名遠播。,臺南市安定區港南里港口151號,886-6-5937416,週一~週日07：00~20：30,120.233456,23.090721,07,2012/09/26 12:00:00
f_252,C3_395000000A_000252,不老莊藥膳香腸,藥膳香腸調理上加養生藥材，以溫體豬肉現做，讓藥食同源呈現健康概念，更能讓肉質更Q嫩鮮美，具有古早味，吃起來有特殊口感。藥膳香腸吃起來有古早味香氣，咀嚼大塊肉口感，爽口不油膩！,台南市中西區南門路53號,886-6-2262288,週一~週日08:00~21:00,120.204817,22.989963,06,2012/09/26 12:00:00
f_253,C3_395000000A_000253,黑橋牌鮮串香腸禮盒-台南中正店,黑橋牌採買新鮮現宰的豬肉為原料，保留豬肉原生肉汁水分，香腸水分飽滿、口感紮實多汁。五十年來口碑相傳，黑橋牌始終堅持用好心腸做好香腸，香腸不摻粉不加色素，不含防腐劑。,台南市中西區中正路220號,886-6-2295248,週一~週日09:00~22:00,120.197316,22.993170,06,2012/09/26 12:00:00
f_254,C3_395000000A_000254,黑橋牌鮮串香腸禮盒-台南公園店,黑橋牌採買新鮮現宰的豬肉為原料，保留豬肉原生肉汁水分，香腸水分飽滿、口感紮實多汁。五十年來口碑相傳，黑橋牌始終堅持用好心腸做好香腸，香腸不摻粉不加色素，不含防腐劑。,台南市中西區公園路50號,886-6-2260518,週一~週日09:00~22:00,120.205666,22.994894,06,2012/09/26 12:00:00
f_255,C3_395000000A_000255,松稜糖燻滷味-中央工廠,堅持古法製程，醇厚滷汁細火滷煮，再用紅糖煙燻增添香味，採用「真空充氮」包裝，保留食材鮮美原味，鹹中帶甜令人齒頰留香回味無窮。,台南市歸仁區和順路二段305號,886-6-2717519,週一~週日10:00~21:00,120.275089,22.991810,06,2012/09/26 12:00:00
f_256,C3_395000000A_000256,松稜糖燻滷味-門市,堅持古法製程，醇厚滷汁細火滷煮，再用紅糖煙燻增添香味，採用「真空充氮」包裝，保留食材鮮美原味，鹹中帶甜令人齒頰留香回味無窮。,台南市安平區安平路368號,886-6-3507327,週一~週日10:00~21:00,120.176124,22.998343,06,2012/09/26 12:00:00
f_257,C3_395000000A_000257,周氏蝦捲-老店,五十年老店，內餡以新鮮火燒蝦及上等豬絞肉、魚漿等材料充分攪拌，外皮則以豬腹膜包裹後，再裹上粉，下鍋油炸，原先分布在腹膜上的油脂溶化，滲入內餡。嚐來格外鮮嫩多汁、香味四溢。,台南市安平區安平路125號,886-6-2292618,週一~週日07:00~19:30,120.163163,22.999770,06,2012/09/26 12:00:00
f_258,C3_395000000A_000258,依蕾特布丁,『不加一滴水，以鮮奶替代水』濃厚紮實的風味與口感極具特色，採用日本進口先進完善製作設備，嚴密控管食品衛生與保鮮，招牌『鮮奶布丁』，化在嘴裡，奶、蛋、焦糖融合的完美口感。,台南市安平區安平路422號,886-6-2260919,週一~週日10:30~21:30,120.174166,22.998198,06,2012/09/26 12:00:00
f_259,C3_395000000A_000259,體育公園杏仁豆腐冰,完全手工製作，無添加人工色素及防腐劑。使用『植物奶精』讓素食者也能吃的健康安心。乳糖不耐症患者也不用擔心拉肚子。使用愛玉粉及蒟蒻作為凝結來源，杏仁含有豐富的植物性蛋白、不飽和脂肪酸、維生素纇、礦物質、膳食纖維、植物固醇、多元酚類等。,台南市南區體育路3號,886-6-2137180,週一~週日10:00~23:00(夏天)、10:00~22:00( 冬天),120.207193,22.981074,06,2012/09/26 12:00:00
f_260,C3_395000000A_000260,福樂草莓大福,包著新鮮草莓和紅豆的手工現做麻糬，碩大的有機草莓，多汁香甜。紅豆熬煮後不加蔗糖，反而加入大量香醇的煉乳。特選的糯米麻糬皮軟又Q，冷藏也不顯乾硬。一口咬下同時有米香、豆香、乳香和幸福味道的草莓味。,台南市中西區忠義路二段113號,886-6-2212727,週一~週日09:00~22:00,120.203194,22.994160,06,2012/09/26 12:00:00
f_261,C3_395000000A_000261,梁媽私房醃蘿蔔(榮勝宴會餐廳),醃蘿蔔為傳統家常小菜，口感香脆，是飯桌上不可或缺的一味。因深受客人喜好，更有顧客指名訂購，為了滿足更多顧客需求，特別推出禮品包裝，讓全省各地饕客都能品嚐到屬於台南在地的好口味，送禮自用兩相宜。醃蘿蔔每瓶售價180元，12瓶宅配免運費(運送僅限同一地址，不同地址運費另計)店內自取價兩瓶340元，三瓶500元,台南市南區中華西路一段306號,886-6-2918877,週一~週日11:00~14:00、17:00~21:00 ,120.186352,22.982526,06,2012/09/26 12:00:00
f_262,C3_395000000A_000262,順利赤崁老餅(順利烘焙坊),榮獲2009府城十大伴手禮的赤崁老餅，內餡包有荷蘭乳酪以及台灣麻薯。濃濃起司香的赤崁老餅，軟Q的麻糬讓人愛不釋手，一口又一口。,台南市安南區長和街二段192號,886-6-3552284,週一~週日08:30~22:30,120.218997,23.063463,06,2012/09/26 12:00:00
f_263,C3_395000000A_000263,銀波貝特美布丁,銀波布丁發跡於1939年，當初創始人吳連春向日本師傅學習布丁製作將其當成自家茶座裡的小點心，一路陪伴台南市民至今已七十年裡歷史，是許多台南人的共同回憶，可以算是府城第一家布丁專賣店。銀波布丁的口感綿稠，手工烤布丁的氣孔，滲透了微微苦澀而回甘的香醇焦糖，融入濃郁的雞蛋香裡，形成一種令人記憶深刻的特殊口感，也是傳統風味最原始的呈現。,台南市中西區民族路二段112-3號,886-6-2214273,週一~週日10:00~21:30 ,120.205622,22.995922,06,2012/09/26 12:00:00
f_264,C3_395000000A_000264,蝦到爆蝦餅,蝦到爆蝦餅堅持天然、健康的理念，絕不添加人工香料及色素，嚴選百分之百純鮮蝦原料製造，讓您輕鬆品嚐蝦餅美味的同時，更可吃到全蝦的營養。蝦餅更是安平代表性的美食之ㄧ，蝦到爆蝦餅即將推廣至全省知名的連鎖便利超商，希望能將台南美食推廣至全省每個角落，讓大家都能嚐到安平「蝦到爆蝦餅」的好滋味。,台南市安平區安北路147-6號,886-6-2293968,週一~週五10:00~17:00/週六、日09:30am~18:00,120.161519,23.002805,04,2012/09/26 12:00:00
f_265,C3_395000000A_000265,奇美黃金鳳梨酥,堅持品質與美味，嚴選素材與嚴謹烘焙過程的完美搭配，「奇美鳳梨酥」將餡料與麵皮以2:3的黃金比例手工捏製成型，先以150℃高溫烘焙10分鐘，讓餡與皮緊密融合，再以130℃細火烤焙40分鐘，讓麵皮酥綿可口，歷經15個小時嚴謹的烘焙過程，奇美黃金鳳梨酥完美出爐。目前奇美食品並沒有直營的門市，但冷凍食品(包子、水餃類)可於全省各大知名賣場購買，精緻點心類，，可於奇美咖啡館門市選購。,台南市東區大學路1號(成功大學自強校區奇美樓1F),886-6-2758011,週一~週五 08:00-18:00/周六日及國定假日休假,120.216746,22.996965,06,2012/09/26 12:00:00
f_266,C3_395000000A_000266,明新食品-總店,明新食品(創立於1962年)已連續三年獲選為府城十大伴手禮，2010明新台灣土鳳梨酥更以台灣做造型，把傳統技術融入西方食材，選用關廟土鳳梨及美國蔓越莓巧妙結合，使內餡更豐富、口感更多重，再加上天然奶油搭配小麥胚芽及加拿大楓糖的外皮，多了纖維、多了美味、多了創意、且不含反式脂肪酸，讓健康訴求與獨特美味同時加分。,台南市東區東寧路51號,886-6-2371467,週一~週日11:00~21:00,120.221439,22.992185,06,2012/09/26 12:00:00
f_267,C3_395000000A_000267,集品蝦仁飯,用每天現剝的火燒蝦，蝦肉與青蔥快火炒香，將蝦鮮的油汁滴漏到柴魚高湯，採用熬煮兩個多小時的柴魚高湯，加上醬油、少許糖、薄鹽等基本調味，當是炒飯用的醬汁。把這醬汁為底，再加入另外事先以油鍋和蔥段炒過的蝦仁所濾下的蝦汁，這些高湯再搭配豬油，大火中最後再放入米飯，攪拌，讓米飯充分吸入柴魚醬汁與蝦汁，起鍋入碗，鋪上之前熱炒的濃郁鮮香蝦仁，每一口吃起來都散發出火燒蝦鮮甜味的蝦仁飯就大功告成了。,台南市中西區海安路一段107號,886-6-2263929,週一~週四10:00~23:00/週五、週六08:30~24:00/週日 08:30~21:00,120.195047,22.990235,03,2012/09/26 12:00:00
f_268,C3_395000000A_000268,瑞珍蚵仔煎,取安平靠海之便，主要以新鮮蚵、蝦為食材，搭配豐富的蔬菜，煎於鐵板至黃金色，表皮香酥內Q軟，此即蚵仔煎，亦形成安平商家經營的特色，安平蚵仔煎亦是府城出名小吃之一。安平瑞珍因世居於安平，祖父、父親世襲都是插蚵為生，蚵仔煎的口味更是傳承祖父之手以古早煎法，口味獨特，新鮮海料更是當日現採，嚐過都會囋不絕口。,台南市安平區效忠街79號,886-6-2285024,週一~週日08:00~21:00,120.161296,23.000935,03,2012/09/26 12:00:00
f_269,C3_395000000A_000269,品香月桃葉花生粽,使用香味獨特的月桃葉包製，並以生為內餡，煮出來的粽子有著濃厚的土豆香味外，還混合著淡淡的月桃葉香氣，是台南有地方特色的美食，本店再加以改良，加入高膳食纖維的雪蓮子豆後，熱量更低，淋上花生粉配合本店特製醬料，風味一絕，絕對值得您推薦給大家。,台南市東區府連東路41號,886-6-2745588,週一~週日06:30~20:30,120.217887,22.984395,03,2012/09/26 12:00:00
f_270,C3_395000000A_000270,兩角銀冬瓜茶- 赤崁店,原早期台南中正路進來涼冬瓜茶老字號，道地台南味小吃、府城古法釀造冬瓜茶，獨家口味、台南百年難得好口味，貢貢香、香氣撲鼻、香、純、濃、甘甜而不太甜的冬瓜茶，全部都是純手工製作，手續非常繁複、真材實料。也因此進來涼的冬瓜茶特別甘醇，路過此地時，別忘了品嚐道地台南正統冬瓜茶口味。,台南市安平區平安里安平路366號,886-6-2503699,週一~週日10:00~18:00   ,120.176187,22.998348,05,2012/09/26 12:00:00
f_271,C3_395000000A_000271,王家庄狀元粿,狀元粿是用白米製成，將米磨成漿，壓乾做成米粉，純手工做，用花生、芝麻放入木製倒鐘器具蒸出香氣的糕點。狀元粿熱食很軟香，冷後更加Q感。,台南市中西區友愛街300號,886-6-2233239,週一~週日14:30~18:30/週六、日10:00~19:00,120.194589,22.992556,03,2012/09/26 12:00:00
f_272,C3_395000000A_000272,全生綜合丸子湯,全生的魚丸湯都是當天手工自製，絕不加入任何化學添加物，完整保留魚丸最佳鮮度。採用上等黑旗魚漿所製造的純正旗魚丸、火燒蝦搭配旗魚漿製成的蝦丸、豬後腿肉添加蝦米的貢丸、還有帶有古早醬油味蒸出的肉丸，等四種丸子。高湯是由每天現熬的大骨湯加上煮丸子鮮甜的湯混合出完美比例的全生高湯。,台南市中西區海安路一段166號,886-6-2292755,週一~週日06:00~20:30,120.195478,22.990084,03,2012/09/26 12:00:00
f_273,C3_395000000A_000273,大水缸桂花酸梅湯,堅持「真材實料，照起工，絕無添加物」。桂花酸梅湯是以烏梅、仙楂、甘草為主等12種材料，熬煮8小時，去腥羶油膩。具極強的抗菌力，生津止渴、助消化、增進食慾，還可以清腸胃、驅蟲、防止腹瀉對酸性體質好處多，那股酸甘甜仔、酸甘甜的滋味令人畢生難忘。,台南市南區文南路325號,886-6-2921316,週一~週日10:00~23:00,120.190021,22.987567,05,2012/09/26 12:00:00
f_274,C3_395000000A_000274,椿之味薏仁湯-總店,椿之味薏仁湯顛覆以往薏仁湯只能在傳統市場販售的既有型式，採用新思維販售薏仁，採取「全天候販售方式」，將熬煮好的薏仁經過急速冷卻、冷藏、封裝、銷售，縮減薏仁於常溫下的暴露時間，讓傳統的薏仁吃的更健康、安心。,台南市中西區青年路68號,886-6-2283009,週一~週日09:00~22:30,120.207394,22.992072,05,2012/09/26 12:00:00
f_275,C3_395000000A_000275,府城食府-擔仔麵,用「擔子」挑著麵攤沿街叫賣、矮爐、矮灶、坐在小竹凳上的古老純樸記憶，用一碗擔仔麵述說著台南人民刻苦勤奮的精神象徵。府城食府使用傳統純手工麵條，搭配老師傅傳承的獨門料理方式，重現台南道地傳統口感，讓您每一口都感受到古早台灣味。,台南市安平區華平路152號,886-6-2953456,週一~週日11:00~14:00、17:00~21:00,120.174740,22.987951,03,2012/09/26 12:00:00
f_276,C3_395000000A_000276,文峰茶莊,陳家先祖於清同治年間，由福建泉州府移民來台，定居於枋橋頭富商吳尚新的「吳園」旁，迄今已有138年歷史。文峰茶莊至第三代為止是歷代傳承，第四代始由兄弟姐妹依序傳承，先由第四代陳復麟傳給大兒子陳玉麟，之後由姊姊接掌經營二十多年，再傳承給現今的第六代陳玉雄、黃玉梅夫婦。特色，店面不大，但店內陳設了各式年代久遠的茶具、茶餅、老茶桶等茶文物，想瞭解台南茶文化發展的人，可以到文峰茶行看看。,台南市中西區民權路二段36號,886-6-2245591,週一~週日09:00~21:00,120.205715,22.994282,09,2012/09/26 12:00:00
f_277,C3_395000000A_000277,金德春茶舖,金德春茶舖創業於清同治七年（1868），至今已傳至第五代，茶舖座落至今未改。第四代負責人林應龍先生，小學就讀於立人國小，回憶童年時都在武廟、媽祖間及關帝港附近玩耍，當時抽籤巷內其他的行業還有打剪刀、做蝨柄的，轉角處有商家賣戲台上用的燈飾，店面很亮很亮，令人印象深刻。該巷又因抽籤算命很興盛，遂稱抽籤巷。特色，店內一整排盛裝茶葉的大茶甕已有百年歷史，是清朝時，唐山商人運來台灣賣的，日治時期美軍轟炸台灣，將這附近的房子都夷為平地，大茶甕也多遭損毀，現在店內剩下不到十個。,台南市中西區新美街109號,886-6-2284682,週一~週日09:00~21:00,120.200763,22.996704,09,2012/09/26 12:00:00
f_278,C3_395000000A_000278,嚴振發茶莊,振發茶行已歷經四代經營，由當初的南勢港輾轉遷移至台南市民權路一段，茶莊風貌雖老舊，但店中仍留著先祖遺留下來的老店招牌、櫃台、錫桶、木架等家當，向後人細數百餘年來的風霜歲月。特色，店內陳設仍是早其傳統商店使用的木製櫃台、錫製茶桶、木製陳列架等舊家當，老招牌字號仍懸掛店門口，茶葉仍以紙張手工包裝後蓋上牛角店章，參觀時令人有時空錯置之感。,台南市中西區民權路一段137號,886-6-2223532,週一~週日09:00~21:00,120.208633,22.990817,09,2012/09/26 12:00:00
f_279,C3_395000000A_000279,連得堂手工煎餅,位於大北門的古街裡，有別於傳統糕餅類，為日治時期的食品代表文化之一，至今仍是半手工製作工藝，是很有代表性的文化之一。,台南市北區崇安街54號,886-6-2258429,週一~週日08:00~22:00,120.206749,23.000426,03,2012/09/26 12:00:00
f_280,C3_395000000A_000280,義豐冬瓜廠,林先生的兒子們起初都不願接手，林先生也覺得這已是個黃昏的產業，後來小兒子林科川回來經營飲料店，林嵩山原本煩惱祖業就要結束在他的手中了，不料守成有了新的發展，真是意料不到的結果，義豐冬瓜廠在全台各地都有分店，全是林家後代子孫在經營，義豐的冬瓜茶有特殊的焦糖香味，至今仍以手工製作，所以產量不多，欲購買冬瓜露者須先預約，以免臨櫃買沒。,台南市中西區永福路二段212號,886-6-2223711,週一~週日09:00~22:00,120.202401,22.996462,05,2012/09/26 12:00:00
f_281,C3_395000000A_000281,信裕軒,第一代創辦人林金鎮，於日治大正年間，在「台南州新豐郡永康庄蜈蜞潭四一四番地」，即今台南縣永康市附近開設「老信裕」餅鋪。不幾，美名遠播，就連台灣總督府建築設計師森山松之助都聞名而來。第三代經營者林宇中先生，因信仰及時下流行的健康養生觀念，於產品上做了些許改變，如去葷加素、減糖、不使用化學添加物等，雖然時興了幾年，但仍不敵大工廠、大品牌的廣告效應。民國八十七年其長子林經堯先生，因深感傳統市場萎縮，遂改立「信裕軒」，以加強消費者對其品牌的印象。民國九十一年與統一超商合作推出「台灣回味」系列產品，提高了全國性的知名度。古早味的產品吸引了許多來自日本、新加坡、香港、美國等地的遊客，手工製餅幾乎成為遊客蒞臨台南府城必選的伴手禮，「信裕軒」逐漸的成為台南府城傳統代名詞。,台南市中西區民族路二段389號,886-6-2285606,週一~週日10:00 ~22:00,120.201315,22.997086,06,2012/09/26 12:00:00
f_282,C3_395000000A_000282,舊來發餅舖,台南有句俗諺「草地胡蠅，也想要吃縣口香餅」，縣口指的是縣城隍廟口，「縣口香餅」指的就是「舊來發」的香餅，這種香不可得的東西，可能是鄉下人吃不起的，也可能指示吃了也不會懂的意思，總之香餅在當時是一種高級食品。「舊來發」至今仍堅持以傳統燒柴的紅磚老灶製作糕、粿類食品。招牌產品有白糖酥餅、沙西餅及水晶餅、黑、白糖香餅等。,台南市北區自強街15號,886-6-2258663,週一~週日08:00-22:00,120.202218,22.999773,06,2012/09/26 12:00:00
f_283,C3_395000000A_000283,萬川號餅舖,萬川肉包、水晶餃遠近馳名。鮮肉包精選當日上選豬肉，以天然佐料入味，肉質鮮甜，皮薄綿細富彈性，口感清爽不油膩，水晶餃以番薯粉特調而成Q軟細緻外皮，配上獨特內餡與清甜豆仔薯，更是絕妙組合，色香味具全。其它傳統糕餅產品口感細緻、獨特，吃過的顧客都讚不絕口，是台南府城出名的伴手禮。,台南市中西區民權路一段205號,886-6-2223234,週一~週日08:00~20:00,120.207657,22.992021,06,2012/09/26 12:00:00
f_284,C3_395000000A_000284,美勝珍,採用台灣新鮮水果自製的蜜餞，種類繁多，價格公道，品質衛生保證，當年的「檨仔乾」，今改為大家比較熟悉的「芒果乾」，口味多種，歡迎比較。,台南市中西區中正路235號,886-6-2225618,週一~週日11:30~22:30,120.197406,22.992822,05,2012/09/26 12:00:00
f_285,C3_395000000A_000285,莊子土豆仁湯,賣土豆仁湯ㄟ」的店址總共移了四次，現在位於民生路、海安路口轉角處，自從海安路開通後，商機越來越好，外地來客卻常常找不到「賣土豆仁湯ㄟ」在那裡？於是第三代莊世滄因應客人要求，給店裡取個名字「莊子」，順便把店面重新裝潢整理，把阿公的相片也掛上去當招牌。期望大家路過時能耳目一新。,台南市中西區民生路二段86號,886-6-2218529,週二~週日11:00~24:00/週一公休,120.196811,22.995399,05,2012/09/26 12:00:00
f_286,C3_395000000A_000286,甘本堂,第一代陳清吉先生於日治時期，在現忠義國小對面牧場販售牛奶，第二代陳本長先生，也就是甘本堂創辦人，與日本師傅田甘秀一在台南打石街（今民生路一段）開設日式和?子店，以兩人的名字取其一，命名為「甘本堂」。第三代，次子陳茂雄先生繼承，將甘本堂轉型為西點麵包店。民國九十五年再傳第四代陳奕彰與媳婦謝依倫女士繼續經營，陳奕彰先生亦曾到日本學習製作和子技術，接承父業之前曾任職於台北多家五星級飯店，可說是匯集台日今昔的各項手藝於一身，接手甘本堂以來，除了致力維持傳統口味外，也不斷的開發新產品，為了因應時代潮流，讓老店走出新風貌，重新裝潢店面、設計包裝，使甘本堂在台南的西點麵包店別具一格。,台南市中西區民生路一段35號,886-6-2233632,週一~週日08:00~22:00,120.203705,22.993029,05,2012/09/26 12:00:00
f_287,C3_395000000A_000287,松竹當歸鴨,會特別介紹「松竹」的原因是，從開店六十年以來，營業項目未曾更改，所有的湯品都是當歸湯，湯料除了鴨肉以外還有鴨內臟，都是現燙的，還有肉燥麵，不是一般的意麵，是油麵，這兩種都屬福州式麵條，以台南傳統小吃來說比較正式一點。,台南市中西區民生路一段152號,886-937-363006,週一~週日11:00~01:30/公休農曆初一、二、農曆初十五、十六,120.200442,22.994219,03,2012/09/26 12:00:00
f_288,C3_395000000A_000288,鄭記土魠魚粳,台南人的傳統飲食承襲福州口味較多，料理種類大多是湯湯水水，如牛、羊肉湯、鹹粥、粳類等，口味喜歡帶酸甜，土魠魚粳的特色也是如此，在南台灣暑熱的天氣裡，這一類小吃特別開胃。土魠魚先醃漬過在裹粉炸到香酥脆，淋上酸甜的粳後風味絕佳，土魠魚現用現炸，特別新鮮美味，現在還有低溫宅配服務，外縣市的朋友可以打電話詢問。,台南市中西區國華街三段16巷3號,886-6-2240326,週一~週日08:00~21:00,120.197559,22.993387,03,2012/09/26 12:00:00
f_289,C3_395000000A_000289,赤嵌點心店,日昭和十年（1935），創辦人許六一先生於盛場（沙加里巴）開設點心攤，當時賣的點心種類有日式、洋式及台式。戰後，偶有朋有來店，指名要吃不同口味的點心，許先生靈機一動，採西式油炸麵包酥盒的作法，以雞肝、花枝及蔬菜調味勾芡後，加入掏空的酥盒內，做成的「雞肝板」待客，朋友於掀開酥盒蓋時，取笑說好像「棺材板」，最後把玩笑話認真思考，覺得「棺材板」是個不錯的點子，於是在民國四十八年正式掛出「棺材板」的招牌，沒想到大受歡迎。,台南市中西區中正路康樂市場180號攤位,886-6-240014,週一~週日12:00~ 21:00,120.196068,22.992418,03,2012/09/26 12:00:00
f_290,C3_395000000A_000290,福榮小吃店,採用無添加物特高級麵粉，口感比一般麵條還要有嚼勁，篩選所有食材，有問題的絕對不用，特別是醋，只用玻璃瓶裝的王印烏醋，湯頭清澈不混濁，加上特製的肉燥，再來一碗大餛飩湯，配著滷蛋，就是福榮小吃店就美味的享受。,台南市中西區國華街三段16巷25號,886-6-2212805,週一~週日08:00~21:00,120.197870,22.993346,03,2012/09/26 12:00:00
f_291,C3_395000000A_000291,莉莉水果店,莉莉水果店陪伴台南人走過逾半世紀，李先生積極分享及健康愉快的經營方式是其特色，使台南的觀光旅遊多了一處景點。,台南市中西區府前路一段199號,886-6-2137522,週一~週日11:00~23:00,120.204095,22.989047,05,2012/09/26 12:00:00
f_292,C3_395000000A_000292,寶來香餅舖,招裨香餅，俗稱「膨餅」，大小如肉包，表面平滑，黑糖色，上蓋有四角店印「寶來香」三字，是昔日府城坐婦女月子必備的點心補品。將麻油爆香放入香餅，香餅上戳一小洞打進一個蛋，煎熟後即可食用，據說有固腰催骨、收縮子宮等功效，是府城傳統的食療方式。另一著名產品為「蒜茸枝」，使用蒜泥加麵粉揉製，搓成麻花狀再油炸，後再裹上糖粉漿待涼即成。因狀似鹿茸，故名「蒜茸枝」，其特色為脆、香、甜，是寶來香餅舖銷量最多的零嘴點心，其他還有烏豆沙，綠豆椪、肉餅等傳統糕餅也很特色。逛水仙宮市場時，別忘了來嚐一嚐。,台南市中西區神農街8號,886-6-2276886,週一~週六08:00~17:00/週日08:00~13:00,120.198193,22.996909,06,2012/09/26 12:00:00
f_293,C3_395000000A_000293,舊永瑞珍餅鋪,舊永瑞珍餅舖專門製造傳統糕點及俗稱「大餅」的喜餅，門市至今仍維持經營之初的方式。訂製的業務較多，也有少許門市零售，每當過年過節或婚嫁喜慶日較多的月份，十位製餅師傅總要忙到三更半夜才能完工。訂製者需於十日前訂購。,台南市中西區永福路二段181號,886-6-2223716,週一~週日07:30~21:30,120.201496,22.995066,06,2012/09/26 12:00:00
f_294,C3_395000000A_000294,廟口虱目魚粥,項目虱目魚粥、虱目魚肚、虱目魚湯,台南市安南區本原街朝興宮廣場,886-6-2469205,週一~週日14:00~21:00,120.174180,23.052344,03,2012/09/26 12:00:00
f_295,C3_395000000A_000295,無米樂復古草編-芳榮米廠,無米樂栽培稻米的情感與香Q口感的好米責任，強調誠懇樸實【人文】才是品牌故事主角。無米樂社區是日本時代手工藺草編織袋產地的大本營，也是農村傳統婦女養家糊口重要來源之一，透過無米樂復古草編的包裝再利用，讓米有加分效果，並使產業與文化結合在一起，帶動社區觀光產業及經濟效益提昇，讓社區農民生命力再現。,台南市後壁區頂長里長短樹1號,886-6-6622149,週一~週日09:00~21:00,120.330961,23.367331,07,2012/09/26 12:00:00
f_296,C3_395000000A_000296,東山生產合作社東山咖啡-保證責任台南市東山地方產業生產合作社,精選東山頂級咖啡豆利用獨到的烘焙技術呈現出其獨特果香風味，微酸的口感在品嘗風味上更添加味覺上的層次變化。由其飲用完後利用杯子的杯子的餘溫可鮮明的帶出獨特果香味值得您留心玩味一番。東山地方產業正處於傳統農業轉型精緻休閒農業的重要時刻，初期需以合作社為主以帶頭的方式，塑造經營新的經濟模式及產業活動。透過有系統的教育訓練及輔導逐步引導在地產業轉型，已達創造更有利的經濟環境及模式。,台南市東山區青山里青山36號,886-6-6861037,週一~週日09:00~21:00,120.468526,23.279640,07,2012/09/26 12:00:00
f_297,C3_395000000A_000297,下營農會三寶禮盒-下營區農會,下營三寶禮盒—以桑椹、黑豆、鵝肉為主要原料作成桑椹濃縮汁、清蔭油、鵝肉絲等產品。(1)桑椹濃縮汁，天然桑椹鮮果與冰糖製成，生津止渴、降火氣。(2)清蔭油，遵循古法釀造再配合現代技術，除了保有古老傳統蔭油的甘味、香味，是符合現代安全衛生高品質的純釀蔭油。(3)鵝肉絲，是精選下營區上等鵝肉製成，高纖低脂黑胡椒口味鵝肉絲是休閒零嘴佐飯的最佳選擇。,台南市下營區中山路一段322號,886-6-6892024,週一~週日09:00~21:00,120.267467,23.237565,07,2012/09/26 12:00:00
f_298,C3_395000000A_000298,陳稼莊天然禮讚系列桑椹醋-陳稼莊果園,陳稼莊果創立於民國78年，本著保護生態環境、拒絕有毒物質的理念，堅持採行無農藥、無化肥、無冷草劑的自然農法，目前自有農場位置座落於台南市鹽水區、下營區與柳營區太康有機農業生產專后等地，均通過有機驗證。陳稼莊果園的農產加工品，製作過程絕不使用防腐劑、香料、色素或其他化學添加物，堅持「天然.健康.原味」的原則。,台南市柳營區義士路三段121號(太康有機農業生產專區),886-6-6226101,週一~週日09:00~21:00,120.340587,23.290254,07,2012/09/26 12:00:00
f_299,C3_395000000A_000299,牧大初生的卵雞皮蛋禮盒-牧大古早蛋,在臺南市的一個小村落─菁寮里，那兒正是「無米樂冠軍米」的故鄉，牧大畜牧場藉著如此純淨無污染的環境，以飼養中小雞為主，由於環境清潔，配合細心與愛心的飼養管理，育成的中雞整齊度與健康情況都相當不錯。為精益求精，更引進德國啄木鳥牌的全溫控空調雞舍，使得中雞品質更優質，而後飼養蛋雞自創品牌古早蛋、盤古蛋、白金靈芝蛋、皮蛋等系列產品。,台南市後壁區新嘉里1-30號,886-6-6623768,週一~週日09:00~21:00,120.324255,23.381067,07,2012/09/26 12:00:00
f_300,C3_395000000A_000300,蓮圃園100%純米桂圓酥-蓮圃園農產加工所,麵包店成立於民國61年，後有政策推展地方產業，一鄉一產業興起，白河蓮花節開辦，即配合所製蓮子加工產品為拌手禮達15年，種類達40餘項。由於工作場所及遊客參觀需求，92年成立蓮圃園農產加工廠，使遊客亦能參觀蓮子產品製作。民國99年政策提倡米食，本廠全方位再研發100%無麵粉製作烘焙米食，現成熟產品16種，包括米包(麵包)品質口感均勝先進國家，8月5日在農委會一樓大廳發表會，承農糧署、穀研所及各單位一致讚賞。,台南市白河區河東里99-1號,886-6-6841188,週一~週日09:00~21:00,120.433844,23.345457,07,2012/09/26 12:00:00
f_301,C3_395000000A_000301,德吉村家味-米豆簽-德奈家商社,現在這傳統風味的米豆麵，幾乎已經要被眾多的新奇的食品淹沒在時代的洪流裡了，這懷念的古早味，一直深深烙印在記憶的味蕾裡，每當吃到一口口米豆麵，就像乘著時光機器快速回到過去，再次用味蕾的記憶與外婆溫暖的關懷緊緊相擁。自創立起，產品研發皆堅持用料天然與保存傳統風味，致力在創新中尋求突破，堅持以「好產品，帶來好客戶」信念，將產品用心做到最好。,台南市東區崇德六街47號,886-6-2909961,週一~週日09:00~21:00,120.227164,22.975662,07,2012/09/26 12:00:00
f_302,C3_395000000A_000302,合進原賞的味關廟麵-合進商行,合進關廟麵顛覆傳統老舊型態，創立新的品牌印象提升產品價值，讓舊有的傳統古法能夠以新的氣象，繼續傳承下去。關廟麵不添加任何防腐劑，傳承古法使用太陽曬乾方式，讓麵條能永久保存，也讓麵條變得更香Q可口，即使現在多半用快速烘焙的機器那麼多，但能夠做出的天然香味，確是坊間不多見的獨特口味。,台南市關廟區仁愛路583號,886-6-5951111,週一~週日09:00~21:00,120.335799,22.966928,07,2012/09/26 12:00:00
f_303,C3_395000000A_000303,新市農會原味毛豆-新市區農會,毛豆具有8種人體必需氨基酸並對心血管有保護作用，也可減少骨質疏鬆、減輕更年期不適症狀。新市毛豆選用優良品種，契作農田生產管理皆有履歷紀錄；為確保鮮甜原味，嚴選於清晨採收，4小時內加工完成。為讓毛豆的鮮甜完整呈現，原料只有使用原始的毛豆及食鹽，沒有其它添加物，為保品質鮮度，解凍後須儘早食用。,台南市新市區復興路1-1號,886-6-5998545,週一~週日09:00~21:00,120.295325,23.079475,07,2012/09/26 12:00:00
f_304,C3_395000000A_000304,玉井農會酸酸甜甜約定手禮-玉井區農會,玉井農會致力推展芒果、水果產業，而擁有「芒果的故鄉」的美名-聞名中外，近年來為因應消費者多元化的需求，更以深耕研發在地口味的農產加工品且注入人文元素，希望以新風貌來展現農產品的多元化面向。「約定手禮」即是結合地方特色農產品-芒果干和情人果酸酸甜甜不同風味口感，以在地農村為故事背景，連結當地文化情感，希望能同時擄獲不同消費族群的心，並傳遞真、善、美的意念。,台南市玉井區中正路139號,886-6-5748551,週一~週日09:00~21:00,120.462351,23.124996,07,2012/09/26 12:00:00
f_305,C3_395000000A_000305,安定農會胡麻油禮盒-安定區農會,胡麻含有芝麻準木質素(Sesmelignan)、芝麻烯(Sesamin)及不飽脂肪酸、卵磷脂和高纖維。此外，黑芝麻含豐富的鐵質及維生素，可改善手冰冷的情況。寒冬時，以老薑片爆炒胡麻油在拌飯食用，是暖身禦寒品，安定區農會胡麻油是採用農改場提共的臺南一號胡麻品種，為保存風味，循古法榨製而成。,台南市安定區安定里58號,886-6-5922121,週一~週日09:00~21:00,120.237044,23.121897,07,2012/09/26 12:00:00
f_306,C3_395000000A_000306,赤崁都(魚土)魠魚羹-沿海食品商行,赤崁都(魚土)魠魚羹1981年由曾紹熏創立。2008、2009年榮獲臺南府城十大傳統美食獎。2008、2009、2010年臺南市政府衛生評鑑優良小吃商家。赤崁都(魚土)魠魚羹使用的(魚土)魠魚肉身以獨家醬料醃泡入味，不用高溫油炸，讓魚原汁原味保留，吃起來酥脆又不太乾。湯頭以扁魚及(魚土)魠魚中幹骨燉煮，再以山東大白菜熬煮芶芡。自製乾辣椒碎末輕辣味香，與酸甜魚羹佐搭更顯湯汁鮮爽。,台南市東區裕農路467號,886-6-2362721,週一~週日11:00~21:00,120.232049,22.988247,03,2012/09/26 12:00:00
f_307,C3_395000000A_000307,府城將軍雞腳凍-老闆餐飲顧問有限公司,“府城將軍雞腳凍”為許師傅依多年經驗研發而成，雞腳去大骨後，採用十餘種純正中草藥搭配獨門老滷汁熬製入骨皮Q肉嫩，經過挑選、去骨、洗淨、滷製等多道繁雜過程，保留下獨特的風味，並於雞腳熬煮的過程中提煉出大量的膠質，去除油脂與雜質後，會在成品上保留一層如果凍般的幼嫩膠質，口感細緻，健康美味。,台南市佳里區新生路463號,0800-325-168,週一~週日09:00~21:00,120.171348,23.159063,03,2012/09/26 12:00:00
f_308,C3_395000000A_000308,鹽水肉粽,這是鹽水第一家的肉粽店。阿婆看到那些深夜仍為工作忙碌未能返家的辛苦人，希望能給他們止飢又平價的宵夜，就這樣阿婆的肉粽20年來不知填飽了多少夜歸人的肚子，也溫暖了他們飽經風霜的心。堅持按照媽媽的方法，用柴火炊煮出米香與肉香，第二代的傳承，除了保留阿婆肉粽的古早美味，也增加了令人喜愛又懷念的傳統小吃與創意料理，秉持用好心做好菜的信念，延續媽媽的愛心與堅持，讓這份在地的好滋味一直在鹽水飄送，飄進每位鹽水人的回憶裡…。,台南市鹽水區朝琴路104號,886-6-6530285,週一~週日10:30~02:00,120.270441,23.321861,03,2012/09/26 12:00:00
f_309,C3_395000000A_000309,辛村籽煙燻鴨翅-辛村籽煙燻魯味,創業36年，由現任老板的母親所創立於臺南市南區，12年前遷移至安平現址繼續營業。本店滷味最大的特色是當天現做現賣，絕不隔夜，確保食材新鮮，不冷藏不冷凍不冰鎮。嚐過辛村籽滷味的鴨翅，您將會發現除了保有鴨翅本身的Q勁之外，表面上所存留的炭燻香純，是一般滷味無法媲美的。,台南市安平區平生路38-1號,886-6-2213341,週二~週日09:00~15:00/週一公休,120.164390,23.000636,03,2012/09/26 12:00:00
f_310,C3_395000000A_000310,修安黑砂糖豆花-修安黑砂糖刨冰豆花,成立於民國88年，本著一步一腳印，用料實在來贏得在地人的讚賞，古早味與細膩的口感，堅持3大原則品質、衛生、不添加人工香料，以純手工製造。修安豆花是手工古早味，所以用濃、純、香來形容它再適合不過了！另外還具有清毒解熱的功效呢!,台南市中西區國華街三段157號,886-6-2261069,週一~週日10:00~20:00,120.198719,22.997197,05,2012/09/26 12:00:00
f_311,C3_395000000A_000311,韓金婆婆養生杏仁茶-韓舍企業食品行,以南杏仁和北杏仁為主要原料。製作過程注重水質，以竹碳、麥飯石淨化之水質製作，更採用可促進腸內益菌生長的有機寡糖，讓杏仁茶不為身體帶來任何的負擔，更能促進健康，而且加了新鮮的土豆仁，讓杏仁茶含有些許的土豆仁香更加誘人。韓金婆婆堅持傳統手工作法，不添加人工杏仁精，讓杏仁茶擁有天然的香味守護現代人的健康，低卡低熱量健康又養生，是慢活輕食之最佳選擇。,台南市安平區安平路760號,886-6-2828678,週一~週五10:30~18:30/週六、日10:00~19:00,120.162430,23.000158,05,2012/09/26 12:00:00
f_312,C3_395000000A_000312,金華六一鴉片綠豆蒜-金華六一食品行,鴉片綠豆蒜乃因其平凡的外觀，就如同臺南市樸實無華的市貌。初嚐後，口感綿密立即讓人一口接一口，渾然不覺的上癮。為了融入臺南在地特色，除了食材取材於臺南本地之外，更採用臺南糖廠的天然甘蔗糖漿，經由精心特製調配，慢火煉煮，彙集在地臺南人的寶貴意見後，再與臺南本地的飲食文化做緊密的結合，調配出獨具臺南風味甜度適中以及細緻綿密的口感。,台南市安平區古堡街51-4號,886-6-2237498,週一~週日09:00~21:00,120.161410,23.002044,05,2012/09/26 12:00:00
f_313,C3_395000000A_000313,椿之味薏仁湯-安平薏仁主題館,椿之味薏仁湯顛覆以往薏仁湯只能在傳統市場販售的既有型式，採用新思維販售薏仁，採取「全天候販售方式」，將熬煮好的薏仁經過急速冷卻、冷藏、封裝、銷售，縮減薏仁於常溫下的暴露時間，讓傳統的薏仁吃的更健康、安心。,台南市安平區安平路372號,886-6-3585107,週一~週日09:30~22:00,120.175718,22.998308,05,2012/09/26 12:00:00
f_314,C3_395000000A_000314,延齡堂,天然果醋以當令新鮮水果，採自然發酵而成，果醋發酵最少要一年，所以數量有限，每年都有新產品的果醋。高粱泡菜，自然發酵，含高量氨基酸，越煮越甜，湯頭不用加味精。韓式泡菜，爽口不膩，不嗜辣者也能品嚐。新近產品有陳釀女兒紅酒糟飯、陳年紹興醋、高梁酸丸子、泡菜辣丸子及醋溜麵、酸白菜水餃、泡菜水餃等，歡迎來店品嚐。,台南市北區富北街50號,886-6-2210110,週一~週五10:00~14:00、17:00~21:00/假日11:00~14:00、17:00~21:30,120.211562,22.999086,03,2012/09/26 12:00:00
f_315,C3_395000000A_000315,天公廟魚丸湯,舉凡丸子、粉蒸、魚肚、魚皮、瘦肉等所有湯料，都是老闆親手處理，包括打漿、蒸煮，高湯則以大骨和魚肉熬煮一整個下午而成，湯頭甜美無腥味，因手工費時及食材高級，所以價錢也不便宜，一碗100元的魚丸湯，可以吃到包羅萬象。,台南市中西區忠義路二段84巷1號,886-6-2206711,週一~週日08:30~13:00/賣完會提早,120.203535,22.994168,03,2012/09/26 12:00:00
f_316,C3_395000000A_000316,松仔腳碳烤,食材新鮮，現做料理，古早味的壽司，燒烤醬汁是洪老生留下來的獨門配方，位處鬧區中的小巷裡別有洞天，環境自然宜人，大眾消費，適合三五好友小酌，也可以家庭或團體聚餐。,台南市中西區中正路131巷內(總趕宮前),886-6-2226632,週一~週日18:00~24:00 ,120.199590,22.992080,03,2012/09/26 12:00:00
f_317,C3_395000000A_000317,順天冰棒,南台灣天氣熱，冰品銷售期間長，一般人都認為賣冰是利潤不錯的行業，不過，對於重視品質高於利潤的葉老闆來說，賣冰只是賺工錢，分享才是最開心的。葉先生做的不只是良心事業，也老台南道德文化傳統的延續。,台南市中西區開山路151巷7-1號,886-6-2245685,週一~週日09:00~21:00,120.208513,22.988326,05,2012/09/26 12:00:00
f_318,C3_395000000A_000318,雙全紅茶店,只賣紅茶，有冷、溫、熱三種，分鹹（甜）、半鹹（半甜）兩種口味，與一般泡沫紅茶的熱沖冷泡不一樣，等紅茶涼了再搖冰塊，口味濃郁，風味絕佳。,台南市中西區中正路131巷2號,886-6-2288431,週一~週六10:30~20:00,120.199712,22.992218,05,2012/09/26 12:00:00
f_319,C3_395000000A_000319,振來發喜餅蛋糕店,學藝過程完整，歷經永南興、舊永瑞珍兩大傳統餅舖的洗禮，可見證台南傳統糕餅業的變遷過程，又因受廟方委託製作祭品，對宗教科儀有一定程度的熟悉，為文化傳承的重要見證者。此外振來發的肉包及素包也很好吃，因數量有限，多為熟客所購買。,台南市北區成功路276號,886-6-2224874,週一~週日09:00~21:00,120.202178,22.999507,05,2012/09/26 12:00:00
f_320,C3_395000000A_000320,榮義行(榮義蜜餞行),「榮義行」商品種類繁多，舉凡傳統的糖果、餅乾、玩具都有賣，商家秉持老店號的道德傳統，以價格公道、品質衛生為營業方針，客戶至上為原則，歡營大家來店參觀。,台南市中西區海安路二段29號,886-6-2269911,週一~週日09:00~21:00,120.195958,22.993969,05,2012/09/26 12:00:00
f_321,C3_395000000A_000321,乳牛休閒園區,園區本著酪農精神，不僅生產牛奶，也以自產的牛奶製成牛奶包子、饅頭、土司、布丁、奶酪、冰棒、咖啡。此外，他們還開發許多副產品，像是香皂、藝品、背包等各式精美產品。小朋友設計了小乳牛DIY紙模彩繪、擠牛奶、沙畫等活動，一定要給你嘴裡甜甜、心底滿滿的紀念與回憶。,台南市柳營區八翁里93-19號,886-6-6225199,週一~週日08:00~18:30,120.295276,23.268212,05,2012/09/26 12:00:00
f_322,C3_395000000A_000322,錢來也瓦斯雜貨行,原本已是廢棄的空間，因緣際會成了遊客歡迎的必到景點，雲嘉南風景管理處更計畫將「錢來也」委外經營，相信將來的「錢來也」必定會呈現更多的樣貌。小白屋編織了許多人的愛與夢想，也為北門鄉帶來了幸福的希望。店裡除了提供餐飲之外，更延續偶像劇中所經營的「敢仔店」，賣的是小時候最愛吃的古早味糖果和蜜餞，吃在嘴裡，幼時回憶就隨著酸甜滋味的化開，甜蜜在心頭。,台南市北門區北門里舊埕187號,886-6-7861000,週六、週日09:00~17:00/平日不開放，配合特定節日,120.123980,23.268133,05,2012/09/26 12:00:00
f_323,C3_395000000A_000323,田媽媽下營鵝肉美食店,民國79年與原創人林國珍研發出全臺第一隻燻茶鵝。冰糖燻蜜汁茶鵝，不失鵝肉的鮮美和質感，結合臺灣本土蜂蜜和天然藥材香料，再以傳統茶葉蔗糖煙燻而成，產生令人垂涎欲滴的香味。禮盒具有年節氣氛與當地特色，並以環保材質真空保鮮，內容物以蜜汁茶鵝為主；搭配茶鵝滷汁滷製而成的滷味，冰涼後的口感絕佳。,台南市下營區新興里中興南路21號,886-6-6792318,週一~週日10:00~21:00,120.274445,23.240002,03,2012/09/26 12:00:00
f_324,C3_395000000A_000324,麻豆區農會,文旦柚茶系列，保留了柚香及果肉中攝取不到之生理活性營養素；每日適量、長期飲用，能調整生理機能、促進新陳代謝，幫助改變細菌叢生態，促進腸道蠕動，開胃促進食慾。柚花淨白系列，柚花於春天花開時採，古人利用柚花蒸麻油做面脂，塗抹於臉上，使肌膚白皙光滑。清朝宮廷御醫更採集柚花，提煉香精製成美容的油脂，供妃嬪們化妝使用。,台南市麻豆區新生北路56號,886-6-5718575,週一~週日10:00~21:00,120.241169,23.186417,07,2012/09/26 12:00:00
f_325,C3_395000000A_000325,小卷米粉,中華西路上的小捲米粉，原來是國華街上的老店，後來因故從鬧街上搬遷至現在這個相較之下顯得偏僻的地點。儘管路途遙遠，但還是有死忠老饕持續來光顧，老店並未因此被遺忘。小捲米粉的湯頭是新鮮小捲熬製，再加入特製的粗米粉，經過不斷地燉煮，吸飽湯汁的米粉便會自動斷成一截截，一入口，湯頭清甜，米粉軟而不爛，小捲鮮脆，莫怪老饕如此死忠了。,台南市南區中華西路一段2巷5號,886-6-2618753,週一~週日10:30~22:00,120.184393,22.963540,03,2012/09/26 12:00:00
f_326,C3_395000000A_000326,天從伯魚丸湯,位在海山館前的天從伯魚丸湯是安平當地人經常光顧的一家店。店家每日將新鮮的虱目魚和旗魚漿混合，再以食指與拇指擠成橄欖形的魚丸，造型小巧可愛，入口容易。有機會來到海山館，別忘了坐在古蹟前喝碗有著滿滿小魚丸的熱湯再走。,台南安平區市效忠街45號,886-6-2229983,週一~週日07:00~18:00,120.162737,23.001217,03,2012/09/26 12:00:00
f_327,C3_395000000A_000327,杜蝦仁肉丸,蝦仁肉圓、四神湯,台南市中西區尊王路55號,886-6-2255367,週一~週日11:00~22:00,120.196262,22.991441,03,2012/09/26 12:00:00
f_328,C3_395000000A_000328,客再來當歸鴨,當歸鴨麵，當歸鴨心、肝，當歸鴨腸、腱，當歸米血、米,台南市南區夏林路97-2號,886-6-2223360,週一~週日11:00~14:00、17:00~23:00,120.195212,22.982407,03,2012/09/26 12:00:00
f_329,C3_395000000A_000329,正下大道米糕店,正下大道米糕的歷史可回溯到民國十九年，第一代叔公在沙卡里巴創業開始，後來因道路規劃幾經搬遷，最後來到康樂街，是名副其實的老店。店哩，米糕的靈魂──肉臊是以豬頸肉加上蔥頭、大蒜和醬油烹炒，靜置一個禮拜待醬汁入味後，再取出滷上十多個鐘頭才使用，十分「厚工」，但也因此成就了米糕誘人的鹹香。項目,台南市中西區康樂街6號,886-6-2210076,週一~週日07:30~19:30,120.193919,22.989941,03,2012/09/26 12:00:00
f_330,C3_395000000A_000330,富山肉粽,肉粽，菜粽,台南市北區中樓里勝利路459號,886-6-2095603,週一~週日08:00~17:00,120.218767,23.005520,03,2012/09/26 12:00:00
f_331,C3_395000000A_000331,天王牛排-總店,期許將西餐文化引進台灣傳統夜市，以平民化的價格回饋給每位顧客。還曾榮獲中華民國科技管理學會論文賞「優等獎」！精心嚴選的食材是造就好口碑的不二秘訣，不斷的研發及改良，中央廚房全機械化，嚴格把關品質穩定，人性化管理，以經驗累積讓每一口牛排都充滿著與眾不同的風味，絕佳的口感，滿足顧客挑剔的嘴，使味蕾享受「天王級」的高規格美味！,台南市北區和緯路三段台南花園夜市,886-931-759321,週四、六、日18:00~01:00,120.200373,23.011323,04,2012/09/26 12:00:00
f_332,C3_395000000A_000332,天王牛排-安定分店 ,期許將西餐文化引進台灣傳統夜市，以平民化的價格回饋給每位顧客。還曾榮獲中華民國科技管理學會論文賞「優等獎」！精心嚴選的食材是造就好口碑的不二秘訣，不斷的研發及改良，中央廚房全機械化，嚴格把關品質穩定，人性化管理，以經驗累積讓每一口牛排都充滿著與眾不同的風味，絕佳的口感，滿足顧客挑剔的嘴，使味蕾享受「天王級」的高規格美味！,台南市安定區安定國中十字路口旁,886-919-765920 ,週一~週日04:30~11:00,120.235182,23.115028,04,2012/09/26 12:00:00
f_333,C3_395000000A_000333,天王牛排-海佃分店 ,期許將西餐文化引進台灣傳統夜市，以平民化的價格回饋給每位顧客。還曾榮獲中華民國科技管理學會論文賞「優等獎」！精心嚴選的食材是造就好口碑的不二秘訣，不斷的研發及改良，中央廚房全機械化，嚴格把關品質穩定，人性化管理，以經驗累積讓每一口牛排都充滿著與眾不同的風味，絕佳的口感，滿足顧客挑剔的嘴，使味蕾享受「天王級」的高規格美味！,台南市安南區海佃路一段鹽水溪橋旁,886-6-2596279 ,週一~週日04:30~11:00,120.192584,23.020240,04,2012/09/26 12:00:00
f_334,C3_395000000A_000334,天王牛排-海尾分店 ,期許將西餐文化引進台灣傳統夜市，以平民化的價格回饋給每位顧客。還曾榮獲中華民國科技管理學會論文賞「優等獎」！精心嚴選的食材是造就好口碑的不二秘訣，不斷的研發及改良，中央廚房全機械化，嚴格把關品質穩定，人性化管理，以經驗累積讓每一口牛排都充滿著與眾不同的風味，絕佳的口感，滿足顧客挑剔的嘴，使味蕾享受「天王級」的高規格美味！,台南市安南區海中街77巷朝興宮廟前,886-911-638387,週一~週日04:30~11:00,120.184115,23.040018,04,2012/09/26 12:00:00
f_335,C3_395000000A_000335,我家傳統豆花,豆花、雪球,台南市中西區成功路403號,886-6-2215742,週一~週日11:00~20:00,120.197756,23.000675,05,2012/09/26 12:00:00
f_336,C3_395000000A_000336,冬瓜寶冬瓜茶專賣店-台南海安總店,冬瓜原汁批發,台南市中西區海安路一段41號,886-6-2622554,台南市各大夜市場,120.194716,22.988813,05,2012/09/26 12:00:00
f_337,C3_395000000A_000337,觀光城米粉炒,米粉炒、豬血湯、豬血湯加腸,台南市南區新興路439巷3號,886-6-2650752,週一~週日07:00~02:30,120.189928,22.974553,03,2012/09/26 12:00:00
f_338,C3_395000000A_000338,阿輝炒鱔魚-門市二,鱔魚意麵是台南特有名產。大火快炒後鱔魚的清脆爽口，加上台南的名產--意麵，以特別製作的精中寬麵條，經油炸處理製成再搭配獨特酸甜配料，烈火轟炒，轉眼間熱騰騰鱔魚意麵挑人食慾。,台南市北區公園路864號,886-6-2824606,週一~週日15:00~00:00,120.212594,23.013961,03,2012/09/26 12:00:00
f_339,C3_395000000A_000339,吳萬春蜜餞,店裡的蜜餞目前將近有一百五十多種，有來自台灣各地，甚至進口的蜜餞乾果，還有店家自己研發調味的新口感蜜餞，喜歡嚐鮮的人來此一定會感到驚喜連連。櫻花梅、紫蘇梅、脫水蜜李、芒果干,台南市中西區西門路一段424號,886-6-2149537,週一~週日09:00~22:00,120.197752,22.982126,05,2012/09/26 12:00:00
f_340,C3_395000000A_000340,同記安平豆花專賣店,同記安平豆花 是安平超過30年以上的 安平豆花 老店，現在不僅以 安平豆花 小吃名號創造了歷史，更成為台南府城最重要的小吃標記。來府城一定要來安平嚐嚐好吃的 安平同記豆花。,台南市安平區安北路433號,886-6-3915385,週一~週日09:00~23:00,120.153389,22.999911,05,2012/09/26 12:00:00
f_341,C3_395000000A_000341,椿友府城四喜甜水果酥,不同於傳統鳳梨酥只有單一鳳梨口味，椿友烘焙坊推出四喜甜水果酥，有蔓越莓、金桔、桂圓和鳳梨四種口味，其水果成份佔有70%，真材實料與自然的口味，受到民眾的喜愛，並入選為二○○八年府城十大伴手禮。,台南市中西區民權路一段73號,886-6-2290357,週一~週日09:00~19:00,120.209745,22.989954,07,2012/09/26 12:00:00
f_342,C3_395000000A_000342,奉茶茶坊,總店本身是一棟頗具歷史的建築，雖然老舊，但被店家維護整理的相當好，果然有府城深遠文化的味道。,台南市中西區公園路8號,886-6-2284512,週一~週日09:00~22:00(一樓外帶搖飲)/10:00~23:00(二樓室內空間),120.205404,22.993617,03,2012/09/26 12:00:00
f_343,C3_395000000A_000343,寮國咖啡,使用老屋的前庭經營咖啡店，在一樓地板上有紅色數字，記著有老屋誕生的日子。此間老屋擁有座北朝南的好方位，因此在改建過程也不隨意變更門口位置。前庭的地板鋪上一條細細的石頭路，藉此展露出屋內屋外的落差感。,台南市中西區中山路79巷60號,886-6-2225358,週一~週六09:00~18:00/周日公休,120.206777,22.994321,09,2012/09/26 12:00:00
f_344,C3_395000000A_000344,溫室烘焙屋,烘焙屋承租經營，於2~3年間作部份的增建與動線修改，目前為其分店之一。從建築的外觀與格局看起來，本來就不是什麼堂皇大戶，但是透過適當的整修，並保留原有屋頂的木頭屋架，加上自家前院般戶外空間的經營，卻也展現出家庭的溫暖氣質。尤其到了晚上，透過格窗可以看到餐廳內親密用餐的景象，建築物的外表就不是這麼重要了。,台南市東區慶東街85號,886-6-2740217,週一~週日08:30~22:00,120.216060,22.988006,09,2012/09/26 12:00:00
f_345,C3_395000000A_000345,阿卿杏仁茶,位於保安路上的阿卿杏仁茶，是許多政商名流愛喝的飲品，其杏仁茶以新疆的甜杏仁和台東蓬萊米磨漿熬煮，不添加香精，口感濃稠香醇，是招牌商品。夏天才賣的綠豆饌，也是深受食客推薦的美味。,台南市中西區保安路82號,886-6-2262799,週一~週日14:00~24:00(春夏)/15:00~24:00(秋冬),120.195873,22.990500,05,2012/09/26 12:00:00
f_346,C3_395000000A_000346,助仔牛肉湯,台南的牛肉湯多半從凌晨賣到午後，這是為了因應早期勞動社會，工人們早起上工，需要吃些份量足的肉類早餐，以儲備體力。助仔牛肉湯原本是大菜市裡的老店，後來遷至安平，營業時間由凌晨四點半至下午兩點。店內的招牌是紅麴牛肉羹，內含多樣牛肉及內臟的綜合羹更是內行老客人愛點的。有機會來到安平，別忘了來碗豐富營養的牛肉羹，讓你預先補足體力，輕鬆遊安平。,台南市安平區安平路624號,886-6-2410201,週一~週日04:30~14:00,120.168593,22.999108,03,2012/09/26 12:00:00
f_347,C3_395000000A_000347,阿松割包,位於永樂市場邊的阿松割包是台南人愛吃的點心。不同於內夾紅燒三層肉的傳統割包，阿松割包裡包裹的是藥膳清湯熬煮的肉類，普通包裡夾的是豬頭皮，瘦肉包與豬舌包顧名思義即是包瘦肉、豬舌。客人可依自己的喜好選擇內餡，價位略有不同，老饕們最推薦豬舌包，建議第一次來的朋友可以先試試別處吃不到的豬舌包。另外，也別錯過這裡的藥膳清湯，吸收肉類精華的清湯十分清甜，與割包是絕配，若喝不夠老闆也會大方地讓人再續碗。,台南市中西區國華街三段181號,886-6-2110453,週一~週日08:00~18:00,120.198904,22.997605,03,2012/09/26 12:00:00
f_348,C3_395000000A_000348,老鄭菜粽,台南人說的「菜粽」，指的是以月桃葉包裹的花生粽，是台南普遍的早餐食物。老鄭的菜粽還有一點特別之處，即是不加花生粉，老鄭說他們的花生及糯米都是上好材料，加了花生粉便掩蓋了食材的原味，且不加花生粉也更能突顯月桃葉的清香。簡單的粽子與味噌湯，便是台南早晨的美好風景。,台南市中西區西門路二段116巷(沙陶宮前),886-6-2583211,週一~週日05:00~09:00,120.199077,22.993207,03,2012/09/26 12:00:00
f_349,C3_395000000A_000349,南方澳芋仔冰城,南區文化中心游泳池前，在星期六、日就會出現一個造型典雅、有趣的自助式冰攤，吸引許多小孩子投幣舀冰吃。冰攤上有一個輪盤，上面密密麻麻寫著1至5的數字，只要投幣10元，按鈕，便可依指針在輪盤上所指的數字，自己動手舀取古早味的芋冰來吃，芋冰有各種口味，可以隨自己喜愛挑選。,台南市歸仁區信義南路191號,886-6-2302878,週一~週日07:00~21:30,120.299130,22.961831,05,2012/09/26 12:00:00
f_350,C3_395000000A_000350,共益冰果室,共益冰果室裡寧靜祥和的氛圍，與近百年老街協調的搭配，是您逛新化老街時歇腳、消暑、懷古的好地方。,台南市新化區中正路385號（新化市場入口）,886-6-5907912,週一~週日06:00~22:00,120.308258,23.034763,05,2012/09/26 12:00:00
f_351,C3_395000000A_000351,新營小燒餅豆漿,將生麵糰黏貼在烘爐，經炭火烘焙。新鮮美味的小燒餅和豆漿真是絕配，令人百吃不厭。,台南市新營區信義街與武昌街交叉路口,886-935-811876,週一~週日05:30~11:00,120.314815,23.306028,03,2012/09/26 12:00:00
f_352,C3_395000000A_000352,巧匠舞音,首先老闆選擇以「臺灣鯛魚」為主題的餐餚食材，在自己的魚塭飼養，採用完全飼料，拒絕池中家禽類的放養與排泄物，且不添加化學藥物，老闆亦開始學習烹飪，至今能做出200多種的臺灣鯛魚美食，經營採預約方式，每人份300元，吃到飽，食材是現場捕撈的臺灣鯛，講究鮮度與口感。,台南市官田區隆田里中山路二段207號,886-6-5790606,週一~週日11:00~22:00,120.297212,23.198150,03,2012/09/26 12:00:00
f_353,C3_395000000A_000353,桂田酒店-心巴黎百匯餐廳,提供百道以上無國界料理及下午餐。生猛海鮮吧供應每日現撈漁獲；開放式廚房為您現場烹調，頂級現切沙朗牛排、鵝肝醬、雪蛤羹、鐵板燒、螃蟹火鍋、熱炒、鮮切生魚片、握壽司等琳瑯滿目佳餚；晚餐啤酒無限暢飲，星光甜點屋、流水瀑布牆、現場鋼琴演奏，浪漫情懷恣意享受。,台南市永康區永安一街99號,886-6-2434017,週一~週日06:30~10:00(早餐)、11:30~14:00(午餐)、14:30~16:30(假日下午餐)、17:30~16:30(晚餐),120.242990,23.044175,01,2012/09/26 12:00:00
f_354,C3_395000000A_000354,桂田酒店-馥桂?粵式海鮮料理,粵式海鮮、港式飲茶提供桌席、單點及套餐(素可)。馥桂蘭薰，富貴福臨，正宗香港主廚團隊為您手工細作港式點心，猶如親歷香港魅力；粵式海鮮料理，依時節匯聚當令特產，展現中國各省地方風味。各有15人座及10人座貴賓廂房，滿足聚餐和宴客需求，倍感尊貴。,台南市永康區永安一街99號,886-6-2438166,週一~週日11:30~14:00、17:30~21:00,120.242990,23.044175,01,2012/09/26 12:00:00
f_355,C3_395000000A_000355,桂田酒店-桂田本家日式庭園餐廳,提供桌席、單點及套餐。擁有廂房和開放式吧檯，以孟宗竹及流水屏幕構成的日式極簡禪風，展現內斂而細膩的氣質；主廚精湛的創意懷石料理，灌注對食材的講究，以-45度C新鮮冷藏，堅持原味呈現滿足您挑剔的味蕾。,台南市永康區永安一街99號,886-6-2438166,週一~週日11:30~14:00、17:30~21:30,120.242990,23.044175,01,2012/09/26 12:00:00
f_356,C3_395000000A_000356,桂田酒店-月光酒吧,提供各式酒類、咖啡、飲品、英式下午茶、簡餐及宵夜。霓虹燈光與時尚空間設計，讓您步入其中彷彿走進時光隧道般，跟隨漫妙琴韻，輕輕搖擺、柔柔呼吸，啜一口薄酒，釋放所有的束縛，得到心靈的滿足。,台南市永康區永安一街99號,886-6-2539098,週一~週日10:00~24:00,120.242990,23.044175,09,2012/09/26 12:00:00
f_357,C3_395000000A_000357,車路墘餐飲藝文空間,一張「永保安康」的車票，代表的是一份祝福的心意，也讓以檜木為主要建材的保安車站聲名大噪。矗立在車站旁的「車路墘餐飲藝文空間」，是由鐵道舊倉庫所改建而成，雖是再生利用，但是吸引人的，卻是那份斑駁的濃濃鐵道情懷。在「車路墘」餐廳用餐，可以選擇安靜的角落，欣賞周圍的創作，搭配著悠柔的樂聲，讓人心情輕鬆；可以選擇在戶外湖畔用餐，走在枕木鋪成的廊道上，悠閒的戶外景緻，伴隨著富有節奏感的打水聲，讓人心情頓時豁然；也可以選擇樓上後陽臺，欣賞火車往返進站的情形，或遠眺後方那橫越三爺溪東西向快速道路的拱橋。,台南縣仁德鄉文賢路一段529巷13弄3-1號 ,886-6-3662290,週二~週日11:00~22:00/週一休息,120.231369,22.933419,03,2012/09/26 12:00:00
f_358,C3_395000000A_000358,森品飲食空間,森品位在擁擠的都市裡，從外觀看起來像一間別墅型樣品屋。典雅的建築外圍草木扶疏、綠意盎然，庭院裡擺放桌椅，透露出鬧中取靜與悠閒自得的氛圍，讓人想進去一探究竟。「在擁擠的都市中，提供忙碌上班族得以喘息、整理思緒的地方，為家庭聚餐營造舒適的用餐空間，為朋友相聚提供歡唱的場所，讓每個人在不同心情下都想來坐坐，享受平價又舒適的用餐環境，是我的經營理念。」陳老闆說。提供不同的用餐區間，塑造不同氣氛，滿足不同消費客群的需求，可見店家對經營的用心。,台南市永康區永大路三段417號,886-6-2019387,週一~週日11:00~22:00,120.258889,23.036879,03,2012/09/26 12:00:00
f_359,C3_395000000A_000359,奉茶庭園茶坊,坐落在永康市，車水馬龍的永大路大馬路旁，ㄧ座古色古香的傳統庭園與木造建築茶坊－「奉茶」，在繁忙擁擠的都市生活空間中，更顯寧靜與綠意。餐前來一盤餅乾，搭配淡淡的茶香，開胃潤喉。火鍋套餐、簡餐，延伸到我們的餐桌上，融入家庭聚會與我們喜歡在餐桌上共同分享的飲食文化，讓西式美味的料理，也可以無拘無束的享用。在熱鬧繁忙的都市叢林中，想邀三五好友，找個地方喝茶、聊天，享受悠閒與寧靜，那就來「奉茶」吧！,台南市永康區永大路二段950號,886-6-2734161,週一~週日10:00~02:00,120.263341,23.016364,03,2012/09/26 12:00:00
f_360,C3_395000000A_000360,將軍漁港觀光漁市暨漁貨直銷中心,廣達80公頃的將軍漁港，是台南縣濱海的最大漁港，也是現代化的假日漁市、魚貨直銷中心及旅遊服務中心，遊客可於每日下午2點到魚貨拍賣場參與熱鬧的漁貨拍賣，一簍簍分裝好的新鮮的魚、蝦、蟹、貝類，拍賣員會沿著漁獲前進，買魚的人就用不同的方式喊價、熱鬧有趣，而在觀光休閒漁樓一樓，除了可買到新鮮直銷的魚貨、農漁特產、地方小吃等；更可到二樓的海龍王美食餐廳，一邊品嚐新鮮美味的海產，一邊欣賞美麗的風光而三樓也有露天咖啡廳，香醇咖啡配上醉人的夕陽，真是享受。入口的鹽興橋是釣客們的著名釣點之一，您可以順道來試試手氣。,台南市將軍區馬沙溝平沙里157號,886-6-7931722,週一~週五08:00~17:00/週六、日13:00~17:00,120.088965,23.211157,03,2012/09/26 12:00:00
f_361,C3_395000000A_000361,驛棧香草農場,從整地、挖掘生態湖、吊火車，到舊火車彩繪、種植香草……等，許亦成花了3年的時間，用在地人的熱情，讓荒廢的農地，變身為美麗的農場。蝴蝶、蜜蜂飛舞香草間，蜻蜓、螢火蟲四處報佳音，許亦成的夢想逐漸顯影。目前的「驛棧」只是個開始，除了刻畫月臺悲歡離合的深情感動之外，將來教育課程、社區文化……，也將進場。走一趟「驛棧」吧！懷舊火車帶我們走入時光隧道，重溫童稚的熱情，尋回遠走的青春，與純真的夢想相遇。,台南縣佳里鎮子良廟226-8號,886-6-7264625,週一~週五10:30~23:00/週六、日10:00~23:00,120.201855,23.170797,03,2012/09/26 12:00:00
f_362,C3_395000000A_000362,明治屋,老闆在日本住了10幾年，特別喜歡下班後三五好友到居酒屋吃吃東西、喝喝小酒、談天說地的輕鬆時光。回到臺灣後，本著在日本經營餐飲的經驗，創立了「明治屋」，希望能將日本「無menu」的點餐方式，依著客人的信任感與喜好，搭配時令鮮蔬，烹調適合客人的食物，並在1、2樓都規劃了吧臺，順應客人多元化的飲食方式，希望來到這兒的客人可以不拘小節。,台南市佳里區光華街209號,886-6-7224252,週一~週日11:30~14:30、17:30~20:30,120.168728,23.165113,01,2012/09/26 12:00:00
f_363,C3_395000000A_000363,駱駝咖啡館,創立之初，因地面全部舖設臺北草，呈現的綠意，在純樸的二鎮村，顯得格外醒眼，老闆取其綠的象徵，而名為「駱駝」，似乎在提示忙碌的現代人，不要只是匆匆的腳步與灰色的天空，而是該尋找一處自己心靈的綠洲。「駱駝」因經營超商業，對麵包的燒烤很在行，所以麵包的品質與口感，是駱駝的一大特色，再配合套餐沙拉吧，形成店內的主打餐飲。若遇機團體要來享用，也可以採室外西式自助餐來滿足客人的需求，或配合機關團體的經費預算，做不同內容的餐飲服務。,台南市官田區二鎮里二鎮75-55號,886-6-6992638,週一~週日11:00~14:30、17:00~21:00,120.330644,23.219750,03,2012/09/26 12:00:00
f_364,C3_395000000A_000364,六穎陶秀,「六穎陶秀」的景觀佈置，除了表達主人的藝術美學之外，也隱藏一種特殊的意象與表徵，巧妙的庭園規劃，有主人信仰的哲學與思想的符號，藉由陶藝的拿捏與場景的展示，來闡述心目中永恆的信念。原來夫婦2人，專長風水命理的鑽研，園區中每一個佈局，均以風水原理來調理磁場方位，以天地五行的運行，自強不息的法則，來實踐生活與理念的結合。,台南市官田區大崎里大崎59-3號,886-930-388306,週一~週五事先預約/週六、日11:00~19:00,120.370984,23.183860,03,2012/09/26 12:00:00
f_365,C3_395000000A_000365,柏奕休閒農園,現在「柏奕休閒農場」的經營方式採預約的，現場採收火龍果、百香果的體驗，並品嚐獨家風味的「養生地骨火鍋」，這是園主歷經一段長久實驗而開發成功的農莊料理，具養生且有強壯筋骨之效。晚間也開放營業，清涼的夜風，迷濛的燈火，配上一杯火龍果冰沙，仰望天上的星斗也格外悠閒。坐在農場的涼亭下，清風送爽，品嚐甘甜的火龍果，遠方昏黃的霞飛，款款載送泥土的芳香，而主人無悔的身軀，在翠綠的農場上，背影拉得好長好長。,台南市下營區仁南街21巷18號,886-6-6791136,週二~週日11:00~14:00、17:30~20:30/預約方式/週一公休,120.263074,23.226716,03,2012/09/26 12:00:00
f_366,C3_395000000A_000366,尋秘桑田,「尋秘桑田」坐落在下營東側沒有門牌號的農田上，主人鄭慶凰本身學觀光旅遊，承接父親的家業後，思考自我專長與現實產業的取向，而開始打造一處屬於自己興趣，且又符合鄉里人文特色的桑圃。「學習DIY教室」裡，主人進行有地方特色的工藝研發，桑皮手抄紙DIY體驗活動，用桑樹皮來造紙，「領、抄、壓、烘、蓋」5大步驟，從中了解傳統的造紙工藝，輕鬆的成為現代蔡倫。現今，「尋秘桑田」仍不斷擴建中，身為文史工作室的主人，除供「讀書會」聚會外，似乎還在尋覓自己心目中的桑田，一邊耕耘探索，一邊思考改造，「我們園區內還有很大的成長空間」，未來可能會是一處極有特色的農產加工展示區，以結合產業與休閒的精緻營造，讓鄉野的桑圃，繼續吟詠泥土的芳香。,台南市下營區中山路一段476巷外環道路農地內,886-6-6893281,週一~週日09:00~18:00/晚上用餐需預約,120.281437,23.241556,03,2012/09/26 12:00:00
f_367,C3_395000000A_000367,大鋤花間,「大鋤花間」堪稱是咖啡公路（175公路）文化咖啡的源頭。郭雅聰，一個曾經與文學為伍的人，20年前，由於心底對記憶鄉土的感受，於是離開了原來的出版工作，返回山區墾荒。因為尊重生態，他不破壞山林，以有機的方式，讓咖啡樹與林木共生。因為感受暖暖的人情，即使二度遷移，他也用心經營一個想像中，屬於人性的空間。,台南市東山區高原里高原村109-17號,886-939-729117,週一~週五10:00~18:00/週六、日10:00~22:00/週二公休,120.501382,23.284075,09,2012/09/26 12:00:00
f_368,C3_395000000A_000368,橋南美食咖啡,16號古厝是保留相當完整的臺灣傳統街屋，這種街屋的第1落都設計有半閣樓，並有樓井，貨物可由此上下傳送，每落間都有天井，以利採光，且有過水廊的設計，充做廚房。由於橋南老街社造成功，吸引曾經在後壁烏樹林懷舊五分車經營二手車咖啡有成的葉乃維，回鄉投入社造工作，並將16號古厝改為咖啡館，讓橋南老街到處飄散著臺灣有機咖啡的香味。值得一提的是，葉先生是塑膠唱片迷，古厝牆面到處貼著他四處蒐集的唱片封面，啜一口咖啡，忽然傳來古老唱盤「轉」出的老歌，可別驚訝，以為誤闖了時光隧道。13號美食館和16號咖啡館一氣相連，遊客參訪古街文物之後，不妨到此歇歇腳，品嘗道地美食和香醇有機咖啡，放鬆心情，滌洗紛亂的心靈，相信會有意想不到的邂逅。,台南市鹽水區橋南街13號,886-6-6522375,週一~週日08:00~21:00/假日彈性調整,120.267854,23.316744,09,2012/09/26 12:00:00
f_369,C3_395000000A_000369,白河陶坊,「白荷陶坊．蓮想文化館」原是藝術家林文嶽與王惠女夫婦的工作室，由於白河蓮花節與社區藝文的推展，逐步DIY形成今日的風貌。餐廳的對面是廚房，古樸的紅磚、木桌、陶甕與牛車輪是廚房的隔牆，荷染布幔垂掛在上方，這般古典雅緻的烹煮空間，加上蓮花的香氣，女主人有了好心情，客人當然有福享用好吃的蓮花料理。,台南市白河區崎內里內崎內5鄰38號,886-6-6850339,週二~週日08:00~17:00/預約延長~21:00/週一休館,120.467061,23.386001,03,2012/09/26 12:00:00
f_370,C3_395000000A_000370,萬味珍餐廳,取臨近漁港的地利之便，萬味珍的海產料理，食材全是剛補獲的新鮮漁產，萬味珍餐廳最著名的是烏魚料理，烹煮時以盡量保留烏魚的原味為烏魚餐美味可口的訣竅。,台南市將軍區長沙里126-1號,886-6-7931452,週一~週日10:00~14:00、16:30~18:00,120.097581,23.221293,03,2012/09/26 12:00:00
f_371,C3_395000000A_000371,草山月世界308高地休閒農場桶仔雞,左鎮區草山里與高雄內門區的交界點，正是地政編號五四一號的測量三角點，為左鎮境內最高峰，海拔三０八公尺。附近由青灰岩所構成的惡地地形，可媲美田寮月世界。蝕溝密佈的白堊土丘如萬鳥朝山，眾星拱月般地環繞高地四周，造就草山月世界的聲名遠播。桶仔雞正是草山月世界308高地休閒農場最具代表性的小吃，到過草山月世界的遊客，沒有不知道桶仔雞的，也無不被桶仔雞那特殊風味所深深著迷。,台南市左鎮區草山里113號,886-7-6673747,週一~週日10:30~23:00,120.444268,22.980432,03,2012/09/26 12:00:00
f_372,C3_395000000A_000372,大內豆菜麵,大內豆菜麵麵質軟Q、口感特佳，大家口耳相傳，連外縣市的人，都專程前來品嚐。,台南市大內區大內市場內,886-6-5763509,週一~週日05:30~12:00,120.358377,23.118713,03,2012/09/26 12:00:00
